合同编号,供应商名称,纳税人识别号,单位地址,收款银行,收款帐号,电话,邮箱
CG2400013,佛山市顺德区盈顺澳电器实业有限公司,,广东省佛山市顺德区容桂街道南区社区达盛路33,中国银行顺德小黄圃支行,735478167792,0757,
CG2400014,徐州飞翔玻璃制品有限公司,9132,徐州铜山区马坡镇玻璃工业园,莱商银行股份有限公司徐州泉山支行,8030 3040 1421 0036 85,15262036073,
CG2400015,广州市灏合食品机械有限公司,,广州市番禺区石基镇石基村金井坊东大街 13 号之三房,平安银行广州番禺支行,15803730430021,,
CG2400016,福建泉州鼎联工艺品有限公司,91350524MA33WK5W8G,福建省泉州市安溪县凤城镇吾都村公路上166-1号,福建安溪农村商业银行股份有限公司,9070910010010000140820,18859685836,
CG2400017,广州航迪机械设备有限公司,914401110746239809,广州白云区龙归龙河西路28号,中国工商银行大德路支行,36020038 09200253 456,,
CG2400018,云浮市锦德石业有限公司,914453000599198048,云浮市云城区思劳镇城村村委榃满村,中国农业银行云浮市河口支行,44668301040003589,,
CG2400019,福建泉州鼎联工艺品有限公司,91350524MA33WK5W8G,福建省泉州市安溪县凤城镇吾都村公路上166-1号,福建安溪农村商业银行股份有限公司,9070910010010000140820,18859685836,
CG2400020,佛山市南海区奥亚建材有限公司,91440605692454352K,佛山市南海区小塘新境奇石开发区上下格岗厂房,中国工商银行佛山小塘支行,2013024109200042179,13929958027,
CG2400021,福建裕豪门业有限公司,91350602337645883D,福建省漳州市芗城区石亭镇仙景村工业小区漳华路白牌路,招商银行股份有限公司漳州分行,596900216310101,15860606085,
CG2400022,云浮市锦德石业有限公司,914453000599198048,云浮市云城区思劳镇城村村委榃满村,中国农业银行云浮市河口支行,44668301040003589,,
CG2400023,佛山市顺德区盈顺澳电器实业有限公司,91440606673146805K,广东省佛山市顺德区容桂街道南区社区达盛路33,中国银行顺德小黄圃支行,735478167792,18902415968,
CG2400024,佛山市顺德区盈顺澳电器实业有限公司,91440606673146805K,广东省佛山市顺德区容桂街道南区社区达盛路33,中国银行顺德小黄圃支行,735478167792,18902415968,
CG2400025,佛山市顺德区盈顺澳电器实业有限公司,91440606673146805K,广东省佛山市顺德区容桂街道南区社区达盛路33,中国银行顺德小黄圃支行,735478167792,18902415968,
CG2400026,上海鑫诺密胺制品有限公司,9131011206376389X3,上海市闵行区吴中路638号2幢106室,工行上海市金虹桥支行,1001 1460 0900 0049 647,,
CG2400027,福建泉州鼎联工艺品有限公司,91350524MA33WK5W8G,福建省泉州市安溪县凤城镇吾都村公路上166-1号,福建安溪农村商业银行股份有限公司,9070910010010000140820,18859685836,
CG2400028,佛山市嘉米陶建材有限公司,91440604081080339C,佛山市禅城区南庄镇溶州井深工业区自编33号,中国工商银行佛山市分行和平支行,2013025509200029920,13929958027,
CG2500001,佛山市振粤陶陶瓷有限公司,91440604MA56L7TE45,佛山市禅城区石湾镇街道沙岗新路228号华达建材城2号楼309-3(住所申报),佛山农村商业银行股份有限公司东村支行（南庄支行）,80020000016676517,,
CG2500002,福建裕豪门业有限公司,91350602337645883D,福建省漳州市芗城区石亭镇仙景村工业小区漳华路白牌路,招商银行股份有限公司漳州分行,596900216310101,15860606085,
CG2500003,佛山市振粤陶陶瓷有限公司,91440604MA56L7TE45,佛山市禅城区石湾镇街道沙岗新路228号华达建材城2号楼309-3(住所申报),佛山农村商业银行股份有限公司东村支行（南庄支行）,80020000016676517,,
CG2500004,上海鑫诺密胺制品有限公司,9131011206376389X3,上海市闵行区吴中路638号2幢106室,工行上海市金虹桥支行,1001 1460 0900 0049 647,,
CG2500005,广州航迪机械设备有限公司,914401110746239809,广州白云区龙归龙河西路28号,中国工商银行大德路支行,36020038 09200253 456,,
CG2500006,广州航迪机械设备有限公司,914401110746239809,广州白云区龙归龙河西路28号,中国工商银行大德路支行,36020038 09200253 456,,
CG2500007,泉州市艾森家居用品有限公司,91350524MA32TRT273,福建省泉州市安溪县魁斗镇大岭工业区,兴业银行股份有限公司安溪支行,153300100100205097,15375798966,
CG2500008,福建泉州鼎联工艺品有限公司,91350524MA33WK5W8G,福建省泉州市安溪县凤城镇吾都村公路上166-1号,福建安溪农村商业银行股份有限公司,9070910010010000140820,18859685836,
CG2500009,佛山市圣冠柏金属有限公司,914406043150576180,佛山市顺德区乐从镇大罗村大罗大道 23 号创,佛山农村商业银行股份有限公司澜石支行,80020000006881302,13336433733,
CG2500010,深圳鑫光汇光电科技有限公司,91440300MA5FFMB95A,深圳市宝安区石岩街道塘头社区塘头社区第三工业区D区第二栋二层,中国银行股份有限公司深圳华南城支行,748471716585,15016709029,
CG2500011,瑞安俊轩科技有限公司,91440101MA5AKT1E4X,浙江省温州市瑞安市云周街道根桥村173号第一层,中国农业银行股份有限公司瑞安飞云支行,19246201040018580,15858856918,
CG2500012,上海鑫诺密胺制品有限公司,9131011206376389X3,上海市闵行区吴中路638号2幢106室,工行上海市金虹桥支行,1001 1460 0900 0049 647,,
CG2500013,佛山市铭源金属制品有限公司,91440606MABTMG6PXQ,收款银行：中国农业银行股份有限公司佛山祖庙支行,中国农业银行股份有限公司佛山祖庙支行,44429001040011489,,
CG2500014,佛山市铭源金属制品有限公司,91440606MABTMG6PXQ,收款银行：中国农业银行股份有限公司佛山祖庙支行,中国农业银行股份有限公司佛山祖庙支行,44429001040011489,,
CG2500015,潍坊开祥自动门窗有限公司,91370724MA3CU2MX21,山东省潍坊市临朐县东城街道沂山路南侧,中国工商银行股份有限公司临朐县支行东城分理处,1607055509200011555,,
CG2500016,深圳鑫光汇光电科技有限公司,91440300MA5FFMB95A,深圳市宝安区石岩街道塘头社区塘头社区第三工业区D区第二栋二层,中国银行股份有限公司深圳华南城支行,748471716585,15016709029,
CG2500017,云浮市锦德石业有限公司,914453000599198048,云浮市云城区思劳镇城村村委榃满村,中国农业银行云浮市河口支行,44668301040003589,,
CG2500018,上海宗介酒店设备用品有限公司,91310120MA1HT44C74,上海市奉贤区南桥镇环城西路477号1层,中国工商银行股份有限公司上海岚皋路支行,1001307309100026433,13321858501,
CG2500019,佛山市顺德区盈顺澳电器实业有限公司,91440606673146805K,广东省佛山市顺德区容桂街道南区社区达盛路33,中国银行顺德小黄圃支行,735478167792,18902415968,
CG2500020,广州布菲厨具制造有限公司,91440101MA59NYHY9A,广东省广州市番禺区钟村街钟一村飞鹅街21号之一,中国银行股份有限公司广州番禺钟村支行,632768923548,020,
CG2500021,徐州飞翔玻璃制品有限公司,9132,徐州铜山区马坡镇玻璃工业园,莱商银行股份有限公司徐州泉山支行,8030 3040 1421 0036 85,15262036073,
CG2500022,佛山市顺德区盈顺澳电器实业有限公司,91440606673146805K,广东省佛山市顺德区容桂街道南区社区达盛路33,中国银行顺德小黄圃支行,735478167792,18902415968,
CG2500023,云浮市锦德石业有限公司,914453000599198048,云浮市云城区思劳镇城村村委榃满村,中国农业银行云浮市河口支行,44668301040003589,,
CG2500024,佛山市振粤陶陶瓷有限公司,91440604MA56L7TE45,佛山市禅城区石湾镇街道沙岗新路228号华达建材城2号楼309-3(住所申报),佛山农村商业银行股份有限公司东村支行（南庄支行）,80020000016676517,,
CG2500025,佛山市振粤陶陶瓷有限公司,91440604MA56L7TE45,佛山市禅城区石湾镇街道沙岗新路228号华达建材城2号楼309-3(住所申报),佛山农村商业银行股份有限公司东村支行（南庄支行）,80020000016676517,,
CG2500026,深圳鑫光汇光电科技有限公司,91440300MA5FFMB95A,深圳市宝安区石岩街道塘头社区塘头社区第三工业区D区第二栋二层,中国银行股份有限公司深圳华南城支行,748471716585,15016709029,
CG2500027,广州高邦装饰材料有限公司,91440101MA5CJJLE01,广州市白云区钟落潭镇大岗领龙和路24号101,中国建设银行有限公司太和支行,44050156004100002075,13678948859,
CG2500028,福建泉州鼎联工艺品有限公司,91350524MA33WK5W8G,福建省泉州市安溪县凤城镇吾都村公路上166-1号,福建安溪农村商业银行股份有限公司,9070910010010000140820,18859685836,
CG2500029,云浮市贝洛斯石英石有限公司,91445302MA4WBT5A6P,云浮市云城区腰古镇芙蓉村委高龙围(云浮市铭洪石材有限公司侧),中国农业银行云浮市分行,44 6610 0104 0037 820,0766,
CG2500030,云浮市锦德石业有限公司,914453000599198048,云浮市云城区思劳镇城村村委榃满村,中国农业银行云浮市河口支行,44668301040003589,,
CG2500031,泉州市新兴石材工艺有限公司,9135058361154260X0,福建南安市石井镇院下工业区,中国工商银行南安市石井支行,1408014509007000377,,
CG2500032,佛山市振粤陶陶瓷有限公司,91440604MA56L7TE45,佛山市禅城区石湾镇街道沙岗新路228号华达建材城2号楼309-3(住所申报),佛山农村商业银行股份有限公司东村支行（南庄支行）,80020000016676517,,
CG2500033,云浮市锦德石业有限公司,914453000599198048,云浮市云城区思劳镇城村村委榃满村,中国农业银行云浮市河口支行,44668301040003589,,
CG2500034,佛山市顺德区小企鹅餐饮设备有限公司,91440606572372846Q,佛山市顺德区容桂街道容里昌富西路天富来工业城五期7栋4楼,中国农业银佛山顺德容桂支行,44492001040021076,15099881308,
CG2500035,瑞安俊轩科技有限公司,91440101MA5AKT1E4X,浙江省温州市瑞安市云周街道根桥村173号第一层,中国农业银行股份有限公司瑞安飞云支行,19246201040018580,15858856918,
CG2500036,潮州市彩塘永利五金厂,91445103X1811038XP,潮州市潮安区彩塘镇彩塘管区彩里路中段陈铺地段,中国银行潮州潮安支行,692557753995,15816195969,
CG2500037,福建省安溪德荣家居用品有限公司,913505243374800702,福建省泉州市安溪县西坪镇西坪村割边12号,中国农业银行股份有限公司安溪西坪支行,13560601040001817,18159507063,
CG2500038,佛山市铭源金属制品有限公司,91440606MABTMG6PXQ,收款银行：中国农业银行股份有限公司佛山祖庙支行,中国农业银行股份有限公司佛山祖庙支行,44429001040011489,18859685836,
CG2500039,广东合源景观工程有限公司,91441900MACU19GJ3C,广东省东莞市东城街道东城光明路13号1栋312室,中国工商银行股份有限公司东莞愉景支行,2010016309100198006,18926863656,
CG2500040,广东红泰阳家具有限公司,91440605MA56D6LA40,佛山市南海区九江镇沙头英明忠义村工业大道二路马锦标综合楼首层3号,中国银行股份有限公司佛山南海沙头支行,688674540655,18925983345,
CG2500041,(文件损坏),,,,,,
CG2500042,深圳市亿扬塑业有限公司,91440300MADPPTF71T,深圳市罗湖区黄贝街道凤凰社区深南东路1122号华裕花园16B,平安银行深圳罗湖支行,15974889240052,13794067003,
CG2500043,深圳市凯康光电科技有限公司,,深圳市福田区福田街道岗厦社区彩田路3069号星世纪A栋2317D20,深圳北站支行,,13425521749,
CG2500044,佛山市赛鑫建材有限公司,,:佛山市禅城区河宕村委河南工业大道北侧 A 座二层 N3,佛山农村商业银行股份有限公司河宕支行,,0757,
CG2500045,潮州市富雅猴不锈钢有限公司,91445103MAELN69X0H,潮州市潮安区彩塘镇东里村东升五路2号,中国银行股份有限公司潮州潮安彩塘支行,645780304580,13047017798,
CG2500046,佛山市欧诗缇家具有限公司,,佛山南海区英明村英明36工业楼,中国丁商银行佛山南海沙头支行,2013023909200074827,13927284478,
CG2500047,佛山市卡典五金制品有限公司,91440606MA4WEYDN3P,佛山市顺德区龙江镇龙山社区龙峰大道42号二座A区（住所申报）,中国建设银行股份有限公司顺德建龙支行,44050166737800000471,13790003334,
CG2500048,福建裕豪门业有限公司,91350602337645883D,福建省漳州市芗城区石亭镇仙景村工业小区漳华路白牌路,招商银行股份有限公司漳州分行,596900216310101,15860606085,
CG2500049,广州市格菱装饰工程有限公司,J5810112538801,广州市白云区钟落潭广从八路757号,中国工商银行广州花都支行,3602026809200712285,13286815682,
CG2500050,佛山市顺德区小企鹅餐饮设备有限公司,91440606572372846Q,佛山市顺德区容桂街道容里昌富西路天富来工业城五期7栋4楼,中国农业银行佛山顺德容桂支行,44492001040021076,15099881308,
CG2500051,深圳市亿扬塑业有限公司,91440300MADPPTF71T,深圳市罗湖区黄贝街道凤凰社区深南东路1122号华裕花园16B,平安银行深圳罗湖支行,15974889240052,13794067003,
CG2500052,广州高邦装饰材料有限公司,91440101MA5CJJLE01,广州市白云区钟落潭镇大岗领龙和路24号101,中国建设银行有限公司太和支行,44050156004100002075,13678948859,
CG2500053,潍坊开祥自动门窗有限公司,91370724MA3CU2MX21,山东省潍坊市临朐县东城街道沂山路南侧,中国工商银行,1607055509200011555,0536,
CG2500054,广州互利恒餐饮管理有限公司,91440101MA5CL48TOK,广州市白云区嘉禾街道新科下新村永和东街13号(主体二楼),中国工商银行,3602091209200268569,400,
CG2500055,泉州市新兴石材工艺有限公司,9135058361154260X0,福建南安市石井镇院下工业区,中国工商银行南安市石井支行,1408014509007000377,0595,
CG2500056,泉州市新兴石材工艺有限公司,9135058361154260X0,福建南安市石井镇院下工业区,中国工商银行南安市石井支行,1408014509007000377,0595,
CG2500057,福建泉州鼎联工艺品有限公司,91350524MA33WK5W8G,福建省泉州市安溪县凤城镇吾都村公路上166-1号,福建安溪农村商业银行股份有限公司,9070910010010000140820,18859685836,
CG2500058,邢台市泽来鑫机械厂,911305260971511979,河北省邢台市任县天口镇东甄庄村,中国建设银行邢台市任县支行,13050165760800000801,15832923885,
CG2500059,佛山市振粤陶陶瓷有限公司,91440604MA56L7TE45,佛山市禅城区石湾镇街道沙岗新路228号华达建材城2号楼309-3(住所申报),佛山农村商业银行股份有限公司东村支行（南庄支行）,80020000016676517,13929958027,
CG2500060,佛山市顺德区盈顺澳电器实业有限公司,91440606673146805K,广东省佛山市顺德区容桂街道南区社区达盛路33,中国银行顺德小黄圃支行,735478167792,18902415968,
CG2500061,佛山市顺德区盈顺澳电器实业有限公司,91440606673146805K,广东省佛山市顺德区容桂街道南区社区达盛路33,中国银行顺德小黄圃支行,735478167792,18902415968,
CG2500062,广州佳和环保建材有限公司,91440111MACGMLX278,广州市白云区尖彭路22号B栋307室,中国农业银行广州海印支行,44030601040021965,13710084189,
CG2500063,福建裕豪门业有限公司,91350602337645883D,福建省漳州市芗城区石亭镇仙景村工业小区漳华路白牌路,招商银行股份有限公司漳州分行,596900216310101,15860606085,
CG2500064,泉州市新兴石材工艺有限公司,9135058361154260X0,福建南安市石井镇院下工业区,中国工商银行南安市石井支行,1408014509007000377,0595,
CG2500065,福建裕豪门业有限公司,91350602337645883D,福建省漳州市芗城区石亭镇仙景村工业小区漳华路白牌路,招商银行股份有限公司漳州分行,596900216310101,15860606085,
CG2500066,佛山市南海区筑界空间门窗厂（个体工商户）,92440605MA4WETUR0J,佛山市南海区西樵镇百西村村头村新市场区35号,广东省南海农商银行西樵支行,80020000023315596,13702605325,
CG2500067,佛山市顺德区盈顺澳电器实业有限公司,91440606673146805K,广东省佛山市顺德区容桂街道南区社区达盛路33号1栋(住所申报),中国银行顺德小黄圃支行,735478167792,18902415968,
CG2500068,中山市常胜金属制品有限公司,91442000752073253K,中山市三角镇金腾路19号A栋1-5楼,中山农村商业银行股份有限公司东凤同安支行,80020000000094386,0760,
CG2500069,佛山市振粤陶陶瓷有限公司,91440604MA56L7TE45,佛山市禅城区石湾镇街道沙岗新路228号华达建材城2号楼309-3(住所申报),佛山农村商业银行股份有限公司东村支行（南庄支行）,80020000016676517,13929958027,
CG2500070,佛山市振粤陶陶瓷有限公司,91440604MA56L7TE45,佛山市禅城区石湾镇街道沙岗新路228号华达建材城2号楼309-3(住所申报),佛山农村商业银行股份有限公司东村支行（南庄支行）,80020000016676517,13929958027,
CG2500071,云浮市锦德石业有限公司,914453000599198048,云浮市云城区思劳镇城村村委榃满村,农行云浮市河口支行,44668301040003589,13929958027,
CG2500072,泉州市新兴石材工艺有限公司,9135058361154260X0,福建南安市石井镇院下工业区,中国工商银行南安市石井支行,1408014509007000377,0595,
CG2500073,泉州市艾森家居用品有限公司,91350524MA32TRT273,福建省泉州市安溪县魁斗镇大岭工业区,兴业银行股份有限公司安溪支行,153300100100205097,15375798966,
CG2500074,禹城祥牧农牧机械有限公司,91371482MA3P45UJ74,山东省禹城市十里望南营村禹城祥牧农牧机械有限公司,中国农业银行禹城支行,15785101040021500,13653050728,
CG2500075,佛山市振粤陶陶瓷有限公司,91440604MA56L7TE45,佛山市禅城区石湾镇街道沙岗新路228号华达建材城2号楼309-3(住所申报),佛山农村商业银行股份有限公司东村支行（南庄支行）,80020000016676517,13929958027,
CG2500076,上海宗介酒店设备用品有限公司,91310120MA1HT44C74,上海市奉贤区南桥镇环城西路477号1层,中国工商银行股份有限公司上海岚皋路支行,1001307309100026433,13321858501,
CG2500077,福建泉州鼎联工艺品有限公司,91350524MA33WK5W8G,福建省泉州市安溪县凤城镇吾都村公路上166-1号,福建安溪农村商业银行股份有限公司,9070910010010000140820,18859685836,
CG2500078,廊坊秀儿商贸有限公司,91131081MA09286E0H,河北省廊坊市霸州市胜芳镇北环路律环律环路29号,河北霸州农村商业银行股份有限公司银行胜芳支行,336700122000073261,17331637171,
CG2500079,广东红泰阳家具有限公司,91440605MA56D6LA40,佛山市南海区九江镇沙头英明忠义村工业大道二路马锦标综合楼首层3号,中国银行,688674540655,18925983345,
CG2500080,佛山市企顺建材有限公司,91440604MACFPPBD39,佛山市禅城区石湾镇街道沙岗新路228号华达建材城2号楼309-3(住所申报),中国建设银行,44050166895900001207,13929958027,
CG2500081,佛山市企顺建材有限公司,91440604MACFPPBD39,佛山市禅城区石湾镇街道沙岗新路228号华达建材城2号楼309-3(住所申报),中国建设银行,44050166895900001207,13929958027,
CG2500082,泉州市新兴石材工艺有限公司,9135058361154260X0,福建南安市石井镇院下工业区,中国工商银行南安市石井支行,1408014509007000377,0595,
CG2500083,广州市多美仕厨房设备制造有限公司,91440111MAD7HXJR10,广州市天河区龙湖路1号之一102铺,广发银行广州龙洞支行,9550 8802 4476 0600 164,13433966914,
CG2500084,常州大汉焊接设备有限公司,913204115643234898,常州市新北区黄河东路88号9幢-17号,工商银行股份有限公司常州天宁支行营业室,1105021109000295557,18912326569,
CG2500085,深圳鑫光汇光电科技有限公司,91440300MA5FFMB95A,深圳市宝安区石岩街道塘头社区塘头社区第三工业区D区第二栋二层,中国银行股份有限公司深圳华南城支行,748471716585,0755,
CG2500086,福建源茂文化创意有限公司,91350206MA8TEWFJ2R,福建省厦门市思明区湖滨南路258号鸿翔,平安银行厦门分行营业部,15384314910002,13696959955,
CG2500087,福建源茂文化创意有限公司,91350206MA8TEWFJ2R,福建省厦门市思明区湖滨南路258号鸿翔,平安银行厦门分行营业部,15384314910002,13696959955,
CG2500088,佛山市企顺建材有限公司,91440604MA56L7TE45,佛山市禅城区石湾镇街道沙岗新路228号华达建材城2号楼309-3(住所申报),佛山农村商业银行股份有限公司东村支行（南庄支行）,80020000016676517,13929958027,
CG2500089,安平县隆曦五金丝网制品厂,92131125MA08XRK64P,安平县严疃村,中国工商银行开户支行,0407001109300380602,0318,
CG2500090,福建源茂文化创意有限公司,91350206MA8TEWFJ2R,福建省厦门市思明区湖滨南路258号鸿翔,平安银行厦门分行营业部,15384314910002,13696959955,
CG2500091,泉州市艾森家居用品有限公司,91350524MA32TRT273,福建省泉州市安溪县魁斗镇大岭工业区,兴业银行股份有限公司安溪支行,153300100100205097,15375798966,
CG2500092,深圳市亿扬塑业有限公司,91440300MADPPTF71T,深圳市罗湖区黄贝街道凤凰社区深南东路1122号华裕花园16B,平安银行深圳罗湖支行,15974889240052,13794067003,
CG2500093,云浮市贝洛斯石英石有限公司,91445302MA4WBT5A6P,云浮市云城区腰古镇芙蓉村委高龙围(云浮市铭洪石材有限公司侧),中国农业银行云浮市分行,44 6610 0104 0037 820,0766,
CG2500094,福建省安溪德荣家居用品有限公司,913505243374800702,福建省泉州市安溪县西坪镇西坪村割边12号,中国农业银行,13560601040001817,18159507063,
CG2500095,上海雅称广告装潢设计有限公司,,,,,,
CG2500096,广州高邦装饰材料有限公司,91440101MA5CJJLE01,广州市白云区钟落潭镇大岗领龙和路24号101,中国建设银行,44050156004100002075,13480622923,
CG2500097,深圳市亿扬塑业有限公司,91440300MADPPTF71T,深圳市罗湖区黄贝街道凤凰社区深南东路1122号华裕花园16B,平安银行深圳罗湖支行,15974889240052,13794067003,
CG2500098,相城区黄桥昇祥金属制品店,92320507MA1PNF569M,苏州相城区黄桥街道荷美名邸33栋502,农业银行苏州元和支行,10541101040020572,13706132447,
CG2500099,天津金易鑫商贸有限公司,91120116MA0774LN4T,天津市滨海高新区华苑产业区（环外）海泰南道28号C座1-401-1室,中国银行天津高新支行,276591835681,022,
CG2500100,潮州市雅玉陶瓷有限公司,91445100618146271C,广东省潮州市枫溪区堤头村高园片,中国建设银行股份有限公司潮州厦利支行,44050180687700000011,15521331833,
CG2500101,潮州市富雅猴不锈钢有限公司,91445103MAELN69X0H,潮州市潮安区彩塘镇东里村东升五路2号,中国银行股份有限公司潮州潮安彩塘支行,645780304580,645780304580,
CG2500102,佛山市顺德区粤兴强竹篮厂,92440606MA56WQU40N,佛山市顺德区北滘镇三桂村关帝庙边地6号之二(住所申报),中国农业银行,44478601040004879,15920853026,
CG2500103,中山市宸光灯火灯饰厂,92442000MA579XF15M,中山市古镇镇新兴大道东89号第六层,中国农业银行股份有限公司中山小榄白莲池支行,44316601040010757,18318876576,
CG2500104,派跃升（广州）供应链有限公司,91440101MA59LTLH0M,广州市白云区松柏东街13号鸿丰商贸城A座4、5层自编B511室,中国建设银行股份有限公司广州花城支行,44050158010700004427,19864351290,
CG2500105,揭阳市梓发五金有限公司,91445202MAEX2LA556,揭阳市榕城区梅云街道群英村群光路中段,中国建设银行股份有限公司揭阳仙桥支行,44050179020600001281,13822946959,
CG2500106,潮州市雅玉陶瓷有限公司,91445100618146271C,广东省潮州市枫溪区堤头村高园片,中国建设银行股份有限公司潮州厦利支行,44050180687700000011,15521331833,
CG2500107,东莞市台德塑料制品有限公司,914419006924623280,广东省东莞市桥头镇东江村恒福路 5 号,中国农业银行东莞市桥头支行,44298001040019910,0769,
CG2500108,上海宗介酒店设备用品有限公司,91310120MA1HT44C74,上海市奉贤区南桥镇环城西路477号1层,:中国工商银行股份有限公司上海岚皋路支行,1001307309100026433,13321858501,
CG2500109,福建泉州鼎联工艺品有限公司,91350524MA33WK5W8G,福建省泉州市安溪县凤城镇吾都村公路上166-1号,福建安溪农村商业银行股份有限公司,9070910010010000140820,18859685836,
CG2500110,福建泉州鼎联工艺品有限公司,91350524MA33WK5W8G,福建省泉州市安溪县凤城镇吾都村公路上166-1号,福建安溪农村商业银行股份有限公司,9070910010010000140820,18859685836,
CG2500111,福建省安溪德荣家居用品有限公司,913505243374800702,福建省泉州市安溪县西坪镇西坪村割边12号,中国农业银行,13560601040001817,18159507063,
CG2500112,廊坊秀儿商贸有限公司,91131081MA09286E0H,河北省廊坊市霸州市胜芳镇北环路律环律环路29号,河北霸州农村商业银行股份有限公司银行胜芳支行,336700122000073261,17331637171,
CG2500113,佛山市顺德区盈顺澳电器实业有限公司,91440606673146805K,广东省佛山市顺德区容桂街道南区社区达盛路33,中国银行顺德小黄圃支行,735478167792,0757,
CG2500114,深圳市亿扬塑业有限公司,91440300MADPPTF71T,深圳市罗湖区黄贝街道凤凰社区深南东路1122号华裕花园16B,平安银行深圳罗湖支行,15974889240052,13794067003,
CG2500115,深圳市亿源生物科技有限公司,91440300MA5EF75448,深圳市龙岗区南湾街道丹竹头社区盛宝路29号熙源丰创意园A栋办公楼三层302,中国招商银行罗湖支行,755933719210601,18688949882,
CG2500116,佛山市圣冠柏金属有限公司,914406043150576180,佛山市顺德区乐从镇大罗村大罗大道23号创智谷产业园6号楼1119号(住所申报),佛山农村商业银行股份有限公司澜石支行,80020000006881302,13336433733,
CG2500117,广东东纳窗帘有限公司,91440111596198854K,佛山市南海区西樵镇崇民路崇南旧村委永恒厂1号,中国银行广州盈嘉花园支行,731558819283,16624608028,
CG2500118,廊坊秀儿商贸有限公司,91131081MA09286E0H,河北省廊坊市霸州市胜芳镇北环路律环律环路29号,河北霸州农村商业银行股份有限公司银行胜芳支行,336700122000073261,17331637171,
CG2500119,深圳鑫光汇光电科技有限公司,91440300MA5FFMB95A,深圳市宝安区石岩街道塘头社区塘头社区第三工业区D区第二栋二层,中国银行股份有限公司深圳华南城支行,748471716585,0755,
CG2500120,东莞市台德塑料制品有限公司,914419006924623280,广东省东莞市桥头镇东江村恒福路 5 号,中国农业银行东莞市桥头支行,44298001040019910,0769,
CG2500121,中山市翼恒电器有限公司,91442000MACN14XF9J,广东中山市横栏镇富庆一路一号7楼,中山市中国建设银行股份有限公司古镇支行,4405 0178 2007 0000 4421,18676151527,
CG2500122,上海宗介酒店设备用品有限公司,91310120MA1HT44C74,上海市奉贤区南桥镇环城西路477号1层,:中国工商银行股份有限公司上海岚皋路支行,1001307309100026433,13321858501,
CG2500123,深圳市凯康光电科技有限公司,,深圳市福田区福田街道岗厦社区彩田路3069号星世纪A栋2317D20,深圳北站支行,,13425521749,
CG2500124,广州航迪机械设备有限公司,914401110746239809,广东省广州市白云区太和镇南村龙河西路28号一号楼101房,中国工商银行大德路支行账号,3602 0038 0920 0253 456,13660026701,
CG2500125,深圳市亿扬塑业有限公司,91440300MADPPTF71T,深圳市罗湖区黄贝街道凤凰社区深南东路1122号华裕花园16B,平安银行深圳罗湖支行,15974889240052,13794067003,
CG2500126,中山市寰亚照明电器厂（个体工商户）,92442000MACKJMWUXT,广东中山小榄埒西一东帝公司4楼,中国建设银行股份有限公司中山海州支行,44050178200300002046,18024205749,
CG2500127,中山市缘典灯饰有限公司,91442000MA55CHXE77,中山市古镇岗南工业区百佳15号楼,中国农业银行股份有限公司中山古镇支行,44318101040059985,13532020064,
CG2500128,深圳鑫光汇光电科技有限公司,91440300MA5FFMB95A,深圳市宝安区石岩街道塘头社区塘头社区第三工业区D区第二栋二层,中国银行股份有限公司深圳华南城支行,748471716585,0755,
CG2500129,福建省安溪德荣家居用品有限公司,913505243374800702,福建省泉州市安溪县西坪镇西坪村割边12号,中国农业银行,13560601040001817,18159507063,
CG2500130,广州雅竹音响有限公司,91440101MA59KLWY2K,广州市白云区白云湖街唐阁新基头工业园B栋2楼,中国建设银行股份有限公司广州江高支行,44050149110400000474,13662497577,
CG2600001,中山市赶灯荟灯饰有限公司,91442000MAEEYWKPXM,广东省中山市古镇镇七坊村岐江路北一巷5号,中国工商银行中山古镇利和支行,2011059009100408789,0760,
CG2600002,安平县天和金属网业有限公司,91131125665280684Q,安平县西两洼乡耿官屯村村西70米处,中国建设银行安平支行,13050171770800005347,18103388666,
CG2600003,佛山市顺德区盈顺澳电器实业有限公司,91440606673146805K,广东省佛山市顺德区容桂街道南区社区达盛路33,中国银行顺德小黄圃支行,735478167792,0757,
CG2600004,佛山市顺德区粤兴强竹篮厂,92440606MA56WQU40N,佛山市顺德区北滘镇三桂村关帝庙边地6号之二(住所申报),中国农业银行,44478601040004879,15920853026,
CG2600005,威海品牛烧烤设备有限公司,91371000052350125D,,中国工商银行威海分行营业部,1614028209024840513,15650135205,
CG2600006,潮州市陶云瓷业有限公司,91445100MACBJX627J,潮州市枫溪区山边村中村门口前南东9号厂房,中国建设银行股份有限公司潮州市分行,44050180869900003466,18923519803,
CG2600007,佛山市振粤陶陶瓷有限公司,91440604MA56L7TE45,佛山市禅城区石湾镇街道沙岗新路228号华达建材城2号楼309-3(住所申报),佛山农村商业银行股份有限公司东村支行,80020000016676517,13929958027,
CG2600008,佛山市顺德区盈顺澳电器实业有限公司,91440606673146805K,广东省佛山市顺德区容桂街道南区社区达盛路33,中国银行顺德小黄圃支行,735478167792,0757,
CG2600009,中山市八洲照明科技有限公司,91442000MACFGXPY7G,广东省中山市古镇镇海洲村海兴路一号超华工业园C栋C6 电梯仓库,中国银行股份有限公司中山古镇海洲支行,714677185847,176663663917,
CG2600010,佛山市振粤陶陶瓷有限公司,91440604MA56L7TE45,佛山市禅城区石湾镇街道沙岗新路228号华达建材城2号楼309-3(住所申报),佛山农村商业银行股份有限公司东村支行,80020000016676517,13929958027,
CG2600011,广州布菲厨具制造有限公司,,,,,,
CG2600012,威海九世电子商务有限公司,91371002MA3C78YRON,山东省威海市火炬高技术产业开发区火炬路169-1号,威海银行长峰支行,817840301421002162,13178605373,
CG2600013,云浮市锦德石业有限公司,914453000599198048,云浮市云城区思劳镇城村村委榃满村,农行云浮市河口支行,44668301040003589,13929958027,
CG2600014,云浮市锦德石业有限公司,914453000599198048,云浮市云城区思劳镇城村村委榃满村,农行云浮市河口支行,44668301040003589,13929958027,
CG2600015,佛山市顺德区盈顺澳电器实业有限公司,91440606673146805K,广东省佛山市顺德区容桂街道南区社区达盛路33,中国银行顺德小黄圃支行,735478167792,0757,
（无CG合同）,深圳市秦川照明有限公司,91440300093528778H,深圳市宝安区松岗街道楼岗社区洋眉坑八巷1号103,平安银行深圳沙井支行,1101 4614 1500 01,,
