序号,报关名,商品补充信息,门店,港口,报关数量,单位,厂家,规格,箱数,毛重,净重, 体积 ,柜子编号,出货日期,合同号,报关公司,是否付款,购销合同号,供应商名称, 采购金额 ,发票号码,备注,是否熏蒸,是否报出口退税
173,LED灯带,110v,禧瑞都,洛杉矶,淘宝购买,,,400*310*200,1,7.8,7, 0.025 ,11-喜安混合发,2025/8/15,EXP250013,不报关,是,,（拼船/他方报关）,1000 ,,非捷淞报关，属拼船或他方自行报关,,不相关
71,LED吊灯,鸟笼灯,密歇根,密歇根,34,个,深圳陈小姐,510*510*810,34,416.4,330.1, 9.670 ,02-振宗,2025/5/24,EXP2500004,捷淞,是,,深圳市秦川照明有限公司,,25952000000110761374,,,是
110,LED吊灯,鸟笼灯,密歇根,密歇根,16,个,深圳陈小姐,510*510*810,16,196,155.4, 6.830 ,08-卡座,2025/6/30,EXP250010,捷淞,是,,深圳市秦川照明有限公司,10556.8,25952000000110770088,,,是
119,LED吊灯,鸟笼灯,安纳汉姆,洛杉矶,50,个,深圳陈小姐,510*510*810,50,612.4,485.5, 16.500 ,09-安纳汉姆,2025/7/12,EXP250011,捷淞,是,,深圳市秦川照明有限公司,27600.01,25952000000207481761,,,是
238,LED吊灯,鸟笼灯,圣荷西2115和625,Oakland,29,个,深圳陈小姐,510*510*810,29,320.0,255,7.9,19-米尔皮塔,2025/10/24,EXP250021,捷淞,是,,深圳市秦川照明有限公司," 13,320.0 ",25952000000221767944,10/28生产好，提前出一部分,,是
266,LED吊灯,鸟笼灯,圣荷西2115,Oakland,41,个,深圳陈小姐,510*510*810,41,878.8,696.7,23.7,21-圣荷西2115,2025/11/8,EXP250023,捷淞,是,,深圳市秦川照明有限公司," 27,880.00 ",25952000000235860662,,,是
72,LED模组,商用LED模组,密歇根,密歇根,2,个,深圳杨总,,2,265,203, 1.210 ,02-振宗,2025/5/24,EXP2500004,捷淞,是,,深圳鑫光汇光电科技有限公司,,25952000000108589132,,,是
120,LED显示屏,全彩LED显示屏,安纳汉姆,洛杉矶,2,套,深圳杨总,,3,1037,917, 4.677 ,09-安纳汉姆,2025/7/12,EXP250011,捷淞,是,,深圳鑫光汇光电科技有限公司,139690.21,25952000000141822095,,,是
138,LED显示屏,全彩LED显示屏,禧瑞都,洛杉矶,2,套,深圳杨总,1270*1220*1440,2,533,490, 2.820 ,11-喜安混合发,2025/8/15,EXP250013,捷淞,是,CG2500026,深圳鑫光汇光电科技有限公司,"73,119 ",25952000000165173980,,,是
254,LED显示屏,全彩LED显示屏,米尔皮塔,Oakland,1,套,深圳杨总,830*680*1570,2,252,210, 1.135 ,19-米尔皮塔,2025/10/24,EXP250021,捷淞,是,CG2500085,深圳鑫光汇光电科技有限公司," 33,218.7 ",25952000000221776086,,,是
316,LED显示屏,全彩LED显示屏,圣荷西625,Oakland,1,套,深圳杨总,1330*1050*1290,2,470,450, 2.26 ,25-圣荷西混合,2025/12/17,EXP250027,捷淞,是,CG2500119,深圳鑫光汇光电科技有限公司," 63,251.08 ",25952000000271090703,,,是
331,LED显示屏,全彩LED显示屏,Burbank,洛杉矶,1,套,深圳杨总,2510*380*370,2,260,240, 1.40 ,26-oakland混合,2025/12/30,EXP250028,捷淞,是,CG2500128,深圳鑫光汇光电科技有限公司," 32,516.95 ",25952000000276052303,,,
40,PU石皮大板,试验铺贴,安纳汉姆,洛杉矶,100,平方米,淘宝,,2,123,100, 1.530 ,货柜4,2024/11/29,EXP2400004,捷淞,是,,淘宝采购,,,,,是
111,壁炉,雾化壁炉,密歇根,密歇根,4,个,雾化壁炉,,1,261,201, 1.438 ,08-卡座,2025/6/30,EXP250010,捷淞,是,,瑞安俊轩科技有限公司,20679,25332000000274719727,,,是
141,壁炉,雾化壁炉,禧瑞都,洛杉矶,6,个,,2110*600*900,1,183,168, 1.139 ,11-喜安混合发,2025/8/15,EXP250013,捷淞,是,CG2500035,瑞安俊轩科技有限公司,"18,306 ",25332000000349605357,,,是
318,壁炉,雾化壁炉（含电子元件）,Sunnyvale,Oakland,6,套,,2580*300*230,6,234,163, 0.88 ,26-oakland混合,2025/12/30,EXP250028,捷淞,是,CG2500121,中山市翼恒电器有限公司," 15,290.00 ",26442000000114767371,,,
355,冰箱,定制商用冷柜,圣荷西2115,Oakland,,,绿零,1200*760*2100,12,4677,3540, 34.28 ,28-圣荷西2115,2026/2/4,EXP260002,其他厂家报关,,,（拼船/他方报关）,,,非捷淞报关，属拼船或他方自行报关,,
106,玻璃护栏,钢化玻璃护栏,禧瑞都,洛杉矶,18,（米,淘宝定制,,7,488.8,468, 0.712 ,07-喜瑞都,2025/6/30,EXP2500009,捷淞,是,,淘宝采购,10191,25442000000382777164,,,是
24,玻璃酒瓶,装饰用玻璃瓶,密歇根,密歇根,750,千克,徐州玻璃瓶,53*38*33.5,43,787.5,750, 3.600 ,货柜3,2024/11/28,EXP2400003,捷淞,是,,徐州飞翔玻璃制品有限公司,,,,,是
41,玻璃酒瓶,装饰用玻璃瓶,安纳汉姆,洛杉矶,1050,千克,徐州玻璃瓶,53*38*33.5,71,1312.5,1050, 6.000 ,货柜4,2024/11/29,EXP2400004,捷淞,是,,徐州飞翔玻璃制品有限公司,,,,,是
220,玻璃酒瓶,装饰用玻璃瓶,圣荷西2115,Oakland,5250,套,徐州玻璃瓶,530*380*335,150,2750,2700, 15.280 ,14-圣荷西,2025/9/19,EXP250016,捷淞,,,徐州飞翔玻璃制品有限公司,14000,25322000000377246359,,,是
146,玻璃马赛克,马赛克玻璃砖,Burbank,洛杉矶,100,平方米,,1000*1000*700,36,800,790, 0.700 ,11-喜安混合发,2025/8/15,EXP250013,捷淞,是,CG2500044,佛山市赛鑫建材有限公司,"13,200 ",25442000000509080257,,,是
148,玻璃瓶,装饰用玻璃瓶,禧瑞都,洛杉矶,1300,套,徐州玻璃瓶,530*380*335,37,1672,1600, 9.720 ,20-Burbank店,2025/11/7,EXP250022,捷淞,是,,徐州飞翔玻璃制品有限公司," 3,466.60 ",25322000000377316388,37箱玻璃瓶在何总那,,是
147,玻璃酒瓶,装饰用玻璃瓶,安纳汉姆,洛杉矶,2450,套,徐州玻璃瓶,530*380*335,108,1672,1600, 9.720 ,11-喜安混合发,2025/8/15,EXP250013,捷淞,是,,徐州飞翔玻璃制品有限公司,"6,533.4 ",25322000000377435604,,,是
282,玻璃碗,玻璃装饰碗,圣荷西2115,Oakland,100,只,,570*330*585,13,135,110, 1.40 ,22-圣荷西2115,2025/11/28,EXP250024,捷淞,是,CG2500099,天津金易鑫商贸有限公司," 1,400.00 ",25122000000087705763,,,是
291,不锈钢餐具,304不锈钢餐具套装,圣荷西2115,Oakland,12000,只,,300*250*150,19,715.4,700, 0.21 ,22-圣荷西2115,2025/11/28,EXP250024,捷淞,是,CG2500105,揭阳市梓发五金有限公司," 21,570.00 ",25442000000743918104,,,是
197,不锈钢操作台,商用不锈钢备餐台,Burbank,洛杉矶,32,台,,1550*350*180,31,1102.8,975.8, 6.653 ,23-Burbank,2025/12/4,EXP250025,捷淞,是,CG2500054,广州互利恒餐饮管理有限公司," 30,260.00 ",25442000000708081789,,,是
198,不锈钢操作台,商用不锈钢备餐台,圣荷西,Oakland,32,台,,1250*350*320,33,1216.7,1079.2, 7.326 ,15-圣荷西,2025/9/24,EXP250017,捷淞,,CG2500054,广州互利恒餐饮管理有限公司,30260.00 ,25442000000574435130,,,是
358,不锈钢打磨片,金属打磨砂轮片,圣荷西2115,Oakland,100,片,,,,,,,27-圣荷西2115,2026/1/26,EXP260001,不报关,是,单独购买,（拼船/他方报关）,,,非捷淞报关，属拼船或他方自行报关,,
300,不锈钢护栏,装饰不锈钢护栏,禧瑞都,洛杉矶,10.3,米,佛山,1220*240*300,6,397.4,380, 0.816 ,23-Burbank,2025/12/4,EXP250025,捷淞,是,CG2500116,佛山市圣冠柏金属有限公司," 14,025.50 ",25442000000798597859,,,是
321,不锈钢护栏,不锈钢护栏立杆（补充）,禧瑞都,洛杉矶,1.4,米,佛山,1220*240*300,2,90.2,85, 0.164 ,25-圣荷西混合,2025/12/17,EXP250027,捷淞,是,补充合同,佛山市圣冠柏金属有限公司," 1,875.29 ",25442000000798602599,,,是
159,不锈钢火锅,304不锈钢清汤火锅,禧瑞都,洛杉矶,100,个,,600*400*300,4,76,70, 0.704 ,11-喜安混合发,2025/8/15,EXP250013,捷淞,是,CG2500036,潮州市彩塘永利五金厂,"5,439 ",25442000000461908812,,,是
73,不锈钢门,包厢门,密歇根,密歇根,5,套,郭总,,3,1003,903, 8.103 ,02-振宗,2025/5/24,EXP2500004,捷淞,是,,福建裕豪门业有限公司,25654,25352000000074251711,4天,,是
78,不锈钢门,不锈钢包厢门,圣荷西2115,Oakland,11,套,郭总,1200*1240*3040,4,1999,1700, 15.133 ,21-圣荷西2115,2025/11/8,EXP250023,捷淞,是,CG2500048,福建裕豪门业有限公司," 88,950.00 ",25352000000131630865,包装中,,是
97,不锈钢门,包厢门,安纳汉姆,洛杉矶,6（2,套,郭总,,3,1254,1200, 8.965 ,05-阿宗,2025/6/12,EXP2500007,捷淞,是,,福建裕豪门业有限公司,,25352000000074232522,,,是
108,不锈钢门,不锈钢装饰门,禧瑞都,洛杉矶,4,套,郭总,,4,530,500,,07-喜瑞都,2025/6/30,EXP2500009,捷淞,,,福建裕豪门业有限公司," 25,183.00 ",25352000000074242352,,,是
129,不锈钢门,包厢门,禧瑞都,洛杉矶,8,套,郭总,,3,1115,1005, 8.758 ,10-喜瑞都,2025/7/18,EXP250012,捷淞,是,,福建裕豪门业有限公司,35626,25352000000074232729,,,是
208,不锈钢门,单开包厢门3套和卫生间门3套,米尔皮塔,Oakland,10,套,郭总,1500*1250*2550,4,1463,1300, 11.35 ,22-圣荷西2115,2025/11/28,EXP250024,捷淞,是,CG2500063,福建裕豪门业有限公司," 53,650.00 ",25352000000121105533,,要,是
338,不锈钢门,卫生间不锈钢门（补件）,圣荷西625,Oakland,2,套,郭总,2480*1160*720,1,210,180, 2.07 ,26-oakland混合,2025/12/30,EXP250028,捷淞,是,单独购买,福建裕豪门业有限公司," 5,000.00 ",25352000000156778510,,,
354,不锈钢门,卫生间门,Burbank,洛杉矶,1,套,郭总,2180*680*1150,1,150,130, 1.71 ,27-圣荷西2115,2026/1/26,EXP260001,捷淞,是,单独购买,福建裕豪门业有限公司," 5,000.00 ",26352000000150082231,,,
112,不锈钢屏风,水晶屏风,密歇根,密歇根,15.04,平方米,水晶屏风厂家,,3,479,300, 2.265 ,08-卡座,2025/6/30,EXP250010,捷淞,是,,佛山市铭源金属制品有限公司,17529.01,25442000000382110784,,,是
140,不锈钢屏风,水晶屏风,禧瑞都,洛杉矶,15.04,平方米,,2650*660*430,3,923.7,666.7, 4.530 ,11-喜安混合发,2025/8/15,EXP250013,捷淞,是,CG2500038,佛山市铭源金属制品有限公司,"35,058 ",25442000000493418642,1屏风在何总自助台，已经报关,,是
1,不锈钢圈,火锅配套不锈钢圈,禧瑞都,洛杉矶,2,个,叶总,,2,60,56, 0.060 ,货柜1,2024/5/30,EXP2400001,捷淞,是,,佛山市顺德区盈顺澳电器实业有限公司,,,,,是
25,不锈钢圈,火锅配套不锈钢圈,禧瑞都,洛杉矶,30,个,叶总,,3,40,36, 0.780 ,货柜2,2024/11/28,EXP2400002,捷淞,是,,佛山市顺德区盈顺澳电器实业有限公司,,,,,是
58,不锈钢圈,火锅配套不锈钢圈,安纳汉姆,洛杉矶,50,个,叶总,,1,20,19.6, 0.030 ,货柜7,2025/3/27,EXP2500002,捷淞,是,,佛山市顺德区盈顺澳电器实业有限公司,,25442000000209824327,,,是
227,不锈钢圈,火锅配套不锈钢圈,圣荷西,Oakland,300,个,叶总,250*250*200,6,90,89, 0.080 ,13-圣荷西2115,2025/9/13,EXP250015,捷淞,,CG2500062,广州佳和环保建材有限公司,6930.00 ,25442000000560873252,,,是
347,不锈钢圈,火锅配套不锈钢圈,米尔皮塔,Oakland,300,个,叶总,250*250*350,5,90,84, 0.13 ,27-圣荷西2115,2026/1/26,EXP260001,捷淞,是,CG2600003,佛山市顺德区盈顺澳电器实业有限公司," 6,930.00 ",26442000000934394671,,,
64,不锈钢桶,商用不锈钢汤桶,密歇根,密歇根,11,个,,,2,62.9,58, 0.718 ,01-叶总,2025/5/23,EXP2500003,捷淞,,,潮州市富雅猴不锈钢有限公司," 1,545.00 ",25442000000307202823,,,是
286,不锈钢桶,商用不锈钢汤桶,圣荷西2115,Oakland,10,个,,630*560*1220,3,141.65,140, 1.32 ,25-圣荷西混合,2025/12/17,EXP250027,捷淞,是,CG2500101,潮州市富雅猴不锈钢有限公司," 4,683.50 ",25442000000744626852,,,是
42,不锈钢桌面,不锈钢餐桌面,安纳汉姆,洛杉矶,45,,郭总,,2,650,630, 4.000 ,货柜4,2024/11/29,EXP2400004,捷淞,是,,福建裕豪门业有限公司,,,,,是
225,餐边柜,定制实木餐边柜,Burbank,洛杉矶,2,台,玮杰,1720*580*1220,2,100,84, 2.43 ,20-Burbank店,2025/11/7,EXP250022,捷淞,是,CG2500091,泉州市艾森家居用品有限公司," 3,616.00 ",25352000000127797481,何总,,是
322,餐边柜,定制餐边柜,圣荷西2115,Oakland,2,件,上海定制,635*1780*1340,2,226.8,200, 3.03 ,25-圣荷西混合,2025/12/17,EXP250027,捷淞,是,CG2500094,福建省安溪德荣家居用品有限公司," 4,068.00 ",25312000000422270880,,,是
192,餐具,餐厅配套餐具,圣荷西,Oakland,,,zeqin,,62,920.6,858.6, 3.304 ,15-圣荷西,2025/9/24,EXP250017,埋单,,,（拼船/他方报关）,,,非捷淞报关，属拼船或他方自行报关,,不相关
264,餐具,餐厅配套餐具,圣荷西2115,Oakland,,,zeqin,,55,922.59,867.6, 3.070 ,21-圣荷西2115,2025/11/8,EXP250023,其他厂家报关,是,,（拼船/他方报关）,,,10/27制作好 | 非捷淞报关，属拼船或他方自行报关,,不相关
289,餐具,搁盘,圣荷西2115,Oakland,200,只,,300*300*350,2,22.3,21, 0.03 ,22-圣荷西2115,2025/11/28,EXP250024,捷淞,是,CG2500104,派跃升（广州）供应链有限公司," 1,900.00 ",25442000000756035655,,,是
48,餐盘,定制密胺餐盘,安纳汉姆,洛杉矶,145.4,,王总定制,,8,147.9,145.4,0.5,快件1,2024/12/22,EXP2400005,捷淞,是,,上海鑫诺密胺制品有限公司,,25312000000011326575,,,是
49,餐盘,定制密胺餐盘,安纳汉姆,洛杉矶,110,,王总定制,,8,125,110,0.42,快件2,2024/12/22,EXP2400006,捷淞,是,,上海鑫诺密胺制品有限公司,,25312000000011328975,,,是
101,餐盘,密胺餐盘,圣荷西,Oakland,,,zeqin,,60,1554,1535.5, 4.290 ,06-圣荷西,2025/6/19,EXP2500008,埋单,是,,（拼船/他方报关）,,,非捷淞报关，属拼船或他方自行报关,,不相关
113,餐盘,密胺餐盘,密歇根,密歇根,8000,（个,王总定制,,85,1995.5,1900, 6.137 ,08-卡座,2025/6/30,EXP250010,捷淞,是,,上海鑫诺密胺制品有限公司,59200,25312000000202657837,,,是
130,餐盘,8英寸1000，黑盘1500，黑碗1500,禧瑞都,洛杉矶,4000,个,王总定制,,43,998.52,990, 3.119 ,10-喜瑞都,2025/7/18,EXP250012,捷淞,是,,上海鑫诺密胺制品有限公司,25850,25312000000299476982,,,是
199,餐盘,8英寸1000，定制款5000，黑盘1500，黑碗1500,圣荷西,Oakland,9000,个,王总定制,445*445*420,94,2443.52,2430, 6.027 ,13-圣荷西2115,2025/9/13,EXP250015,捷淞,是,,上海鑫诺密胺制品有限公司,88850,25312000000299475860,,,是
273,餐盘,3000个黑色盘，3000个黑色碗,圣荷西2115,Oakland,6000,个,王总定制,445*445*420,85,1995.5,1900, 6.137 ,21-圣荷西2115,2025/11/8,EXP250023,捷淞,是,CG2500076,上海宗介酒店设备用品有限公司," 29,700.00 ",25312000000365029622,,,是
292,餐盘,一绪,米尔皮塔,Oakland,4000,个,王总,484*484*225,39,1032.9,1000, 2.06 ,22-圣荷西2115,2025/11/28,EXP250024,捷淞,是,CG2500108,上海宗介酒店设备用品有限公司," 28,800.00 ",25312000000387516673,,,是
294,餐盘,一绪,Burbank,洛杉矶,3000,个,王总,484*484*225,33,892.49,885, 1.74 ,23-Burbank,2025/12/4,EXP250025,捷淞,是,CG2500108,上海宗介酒店设备用品有限公司," 21,600.00 ",25314000000005409555,,,是
310,餐盘,一绪（机动）,Burbank,洛杉矶,1000,个,王总,484*484*225,,,,,27-圣荷西2115,,,捷淞,,,上海鑫诺密胺制品有限公司," 7,200.00 ",,机动备用,,
319,餐盘,异形大盘,圣荷西2115,Oakland,240,个,王总,600*370*470,31,312,300, 2.14 ,25-圣荷西混合,2025/12/17,EXP250027,捷淞,是,CG2500122,上海宗介酒店设备用品有限公司," 15,240.00 ",25314000000005681023,,,是
336,餐盘,日式,圣荷西2115,Oakland,1500,个,王总,460*460*340,9,164,160, 0.64 ,26-oakland混合,2025/12/30,EXP250028,捷淞,是,CG2500122,上海宗介酒店设备用品有限公司," 6,870.00 ",25312000000437227218,,,
59,餐桌,餐厅实木餐桌,安纳汉姆,洛杉矶,46,件,叶总,,78,3034,2914, 40.180 ,货柜7,2025/3/27,EXP2500002,捷淞,是,,佛山市顺德区盈顺澳电器实业有限公司,,25442000000209865958,,,是
65,餐桌,餐厅实木餐桌,密歇根,密歇根,46,件,叶总,,77,2787,2724.5, 38.860 ,01-叶总,2025/5/23,EXP2500003,捷淞,,,佛山市顺德区盈顺澳电器实业有限公司," 201,780.00 ",25442000000320948914,,,是
82,餐桌,餐厅实木餐桌,圣荷西2115,Oakland,41,件,叶总,880*650*760,88,3446,3313, 45.000 ,12-圣荷西,2025/8/30,EXP250014,捷淞,,,佛山市顺德区盈顺澳电器实业有限公司,195080.00 ,25442000000545611203,,,是
89,餐桌,餐厅实木餐桌,安纳汉姆,洛杉矶,（6,个,叶总,,7,214,200, 3.220 ,04-卡座,2025/6/5,EXP2500006,捷淞,是,,佛山市顺德区盈顺澳电器实业有限公司,,25442000000328452406,,,是
221,餐桌,餐厅实木餐桌,圣荷西2115,Oakland,8,件,叶总,880*650*760,16,839,808, 12.020 ,13-圣荷西2115,2025/9/13,EXP250015,捷淞,,,佛山市顺德区盈顺澳电器实业有限公司,38065,25442000000545645920,,,是
236,餐桌,电磁炉餐桌,米尔皮塔,Oakland,32,件,叶总,2170*1120*400,57,1786,1684, 34.230 ,16-米尔皮塔,2025/9/25,EXP250018,捷淞,,,佛山市顺德区盈顺澳电器实业有限公司," 105,325 ",25442000000574304009,,,是
2,超薄石材,超薄岩石饰面板,禧瑞都,洛杉矶,,,,,2,1953,1757.7, 3.669 ,货柜1,2024/5/30,EXP2400001,其他厂家报关,是,,（拼船/他方报关）,,,非捷淞报关，属拼船或他方自行报关,,是
79,超薄石材,超薄岩石饰面板,圣荷西,Oakland,200,,厦门,,2,1950,1750, 3.705 ,03-黎总、卡座,2025/6/4,EXP2500005,其他厂家报关,是,,（拼船/他方报关）,,,4天 | 非捷淞报关，属拼船或他方自行报关,,不相关
90,超薄石材,超薄岩石饰面板,安纳汉姆,洛杉矶,200,,厦门,,2,1950,1750, 3.705 ,04-卡座,2025/6/5,EXP2500006,其他厂家报关,是,,（拼船/他方报关）,,,4天 | 非捷淞报关，属拼船或他方自行报关,,不相关
161,超薄石材,超薄岩石饰面板,圣荷西2115,Oakland,300,片,厦门,/,3,2900,2600, 5.559 ,13-圣荷西2115,2025/9/13,EXP250015,埋单,,,（拼船/他方报关）,,,非捷淞报关，属拼船或他方自行报关,,不相关
215,超薄石材,超薄岩石饰面板,圣荷西2115,Oakland,269,片,厦门,3050*1530,2,2400,2300, 4.450 ,12-圣荷西,2025/8/30,EXP250014,其他厂家报关,,,（拼船/他方报关）,,,非捷淞报关，属拼船或他方自行报关,,不相关
3,传送带,回转火锅传送带,禧瑞都,洛杉矶,5,,,,5,470,395, 4.250 ,货柜1,2024/5/30,EXP2400001,捷淞,是,,广州市灏合食品机械有限公司,,,,,是
4,传送带,回转火锅传送带,禧瑞都,洛杉矶,5,,,,5,290,250, 4.250 ,货柜1,2024/5/30,EXP2400001,捷淞,是,,广州市灏合食品机械有限公司,,,,,是
5,传送带,回转火锅传送带,禧瑞都,洛杉矶,2,,,,2,148,120, 2.840 ,货柜1,2024/5/30,EXP2400001,捷淞,是,,广州市灏合食品机械有限公司,,,,,是
6,传送带,回转火锅传送带,禧瑞都,洛杉矶,3,,,,3,105,81, 2.460 ,货柜1,2024/5/30,EXP2400001,捷淞,是,,广州市灏合食品机械有限公司,,,,,是
7,传送带,回转火锅传送带,禧瑞都,洛杉矶,19,,,,19,1235,969, 24.890 ,货柜1,2024/5/30,EXP2400001,捷淞,是,,广州市灏合食品机械有限公司,,,,,是
309,窗帘,商用遮光窗帘,米尔皮塔、圣荷西625,Oakland,31,套,新厂家窗帘,1930*210*210,9,128.5,126, 0.66 ,25-圣荷西混合,2025/12/17,EXP250027,捷淞,是,CG2500117,广东东纳窗帘有限公司," 12,101.00 ",25442000000805057989,合并一票,,是
314,窗帘,商用遮光窗帘,禧瑞都,洛杉矶,35,套,新厂家窗帘,1930*210*210,3,57.5,55, 0.24 ,25-圣荷西混合,2025/12/17,EXP250027,捷淞,是,CG2500117,广东东纳窗帘有限公司," 4,397.00 ",25442000000805057989,合并一票,,是
8,瓷砖,800*800地砖，烧掉了,禧瑞都,洛杉矶,234.24,平方米,黎总,,122,5484,5124, 3.226 ,货柜1,2024/5/30,EXP2400001,捷淞,是,,佛山市振粤陶陶瓷有限公司,,,,,是
9,瓷砖,600*1200,禧瑞都,洛杉矶,2,平方米,黎总,,2,72,64, 0.052 ,货柜1,2024/5/30,EXP2400001,捷淞,是,,佛山市振粤陶陶瓷有限公司,,,,,是
26,瓷砖,600*1200,密歇根,密歇根,252,平方米,黎总,,175,6300,5950, 4.500 ,货柜3,2024/11/28,EXP2400003,捷淞,是,,佛山市振粤陶陶瓷有限公司,,,,,是
27,瓷砖,800*800,密歇根,密歇根,474.24,平方米,黎总,,247,10860,9880, 4.740 ,货柜3,2024/11/28,EXP2400003,捷淞,是,,佛山市振粤陶陶瓷有限公司,,,,,是
28,瓷砖,800*800,禧瑞都,洛杉矶,562.56,平方米,黎总,,293,13200,13070, 9.500 ,货柜2,2024/11/28,EXP2400002,捷淞,是,,佛山市振粤陶陶瓷有限公司,,,,,是
43,瓷砖,800*800,安纳汉姆,洛杉矶,562.56,平方米,黎总,,293,12892,11720, 7.600 ,货柜4,2024/11/29,EXP2400004,捷淞,是,,佛山市振粤陶陶瓷有限公司,,,,,是
44,瓷砖,600*1200,安纳汉姆,洛杉矶,200,平方米,黎总,,200,3600,3500, 5.000 ,货柜4,2024/11/29,EXP2400004,捷淞,是,,佛山市振粤陶陶瓷有限公司,,,,,是
50,瓷砖,600*1200,禧瑞都,洛杉矶,164.16,平方米,黎总,,114,3648,3465.6, 5.000 ,货柜5,2024/12/24,EXP2400007,捷淞,是,,佛山市振粤陶陶瓷有限公司,,,,,是
51,瓷砖,其他砖,禧瑞都,洛杉矶,50.4,平方米,黎总,,35,1330,1263.5, 1.500 ,货柜5,2024/12/24,EXP2400007,捷淞,是,,佛山市振粤陶陶瓷有限公司,7100,25312000000011871252,,,是
52,瓷砖,800*800,禧瑞都,洛杉矶,691.2,平方米,黎总,,360,15840,15048, 22.000 ,货柜5,2024/12/24,EXP2400007,捷淞,是,,佛山市振粤陶陶瓷有限公司,54820.8,25442000000104037805,,,是
54,瓷砖,800*800,密歇根,密歇根,326.4,平方米,黎总,,170,7500,7446, 4.450 ,货柜6,2025/2/26,EXP2500001,捷淞,是,,佛山市振粤陶陶瓷有限公司,,25442000000112361151,,,是
60,瓷砖,800*800,Burbank,洛杉矶,771.84,平方米,黎总,,402,17688,16884,10.5,货柜7,2025/3/27,EXP2500002,捷淞,是,,佛山市振粤陶陶瓷有限公司,,25442000000209105491,,,是
61,瓷砖,马赛克砖,安纳汉姆,洛杉矶,300,平方米,黎总-马赛克,,150,3800,3675, 2.200 ,货柜7,2025/3/27,EXP2500002,捷淞,是,,佛山市振粤陶陶瓷有限公司,,25442000000194451729,,,是
66,瓷砖,600*1200,密歇根,密歇根,300,平方米,黎总,,150,5000,4950, 10.500 ,01-叶总,2025/5/23,EXP2500003,捷淞,是,,佛山市振粤陶陶瓷有限公司," 16,995.00 ",25442000000326722147,1天,,是
77,瓷砖,800*800黑色砖,圣荷西2115,Oakland,364.8,平方米,黎总,800*800*40,190,8700,8400, 4.864 ,13-圣荷西2115,2025/9/13,EXP250015,捷淞,,,佛山市振粤陶陶瓷有限公司,27057.22 ,25442000000612130749,,,是
80,瓷砖,800*800黑色砖,圣荷西2115,Oakland,672,平方米,黎总,800*800*5,350,15403.5,12700, 8.960 ,14-圣荷西,2025/9/19,EXP250016,捷淞,,,佛山市振粤陶陶瓷有限公司,49842.25 ,25442000000612140594,,,是
83,瓷砖,白色马赛克,圣荷西2115,Oakland,300,平方米,黎总,308*308*30,150,3675,3600, 2.200 ,13-圣荷西2115,2025/9/13,EXP250015,捷淞,,,佛山市振粤陶陶瓷有限公司,18180.00 ,25442000000612134146,,,是
84,瓷砖,800*800,圣荷西,Oakland,768,平方米,黎总,,400,17600,17500, 10.450 ,03-黎总、卡座,2025/6/4,EXP2500005,捷淞,是,,佛山市振粤陶陶瓷有限公司,,25442000000392540583,,,是
85,瓷砖,小样（柔光砖4片）,圣荷西,Oakland,,平方米,黎总,,,,,,03-黎总、卡座,2025/6/4,EXP2500005,埋单,是,,佛山市振粤陶陶瓷有限公司,,,,,不相关
91,瓷砖,陶小象,安纳汉姆,洛杉矶,50方+50方,,广东厂家,,75,1550,1500, 1.502 ,04-卡座,2025/6/5,EXP2500006,捷淞,是,,陶小象（存疑）,,25442000000366902878,,,是
102,瓷砖,800*800,圣荷西,Oakland, 556.80 ,平方米,黎总,,290,12760,12687.5, 7.576 ,06-圣荷西,2025/6/19,EXP2500008,捷淞,是,,佛山市振粤陶陶瓷有限公司,,25442000000392551083,,,是
121,瓷砖,600*1200,安纳汉姆,洛杉矶,432,平方米,黎总,,300,10500,10400, 13.260 ,09-安纳汉姆,2025/7/12,EXP250011,捷淞,是,,佛山市振粤陶陶瓷有限公司,33990.01,25442000000423503939,,,是
122,瓷砖,800*800,安纳汉姆,洛杉矶,136.32,平方米,黎总,,71,3100,3082.25, 5.600 ,09-安纳汉姆,2025/7/12,EXP250011,捷淞,是,,佛山市振粤陶陶瓷有限公司,12275.32,25442000000390353010,,,是
152,瓷砖,黑白根补充,禧瑞都,洛杉矶,36,平方米,黎总,600*1200*30,24,955,950, 0.540 ,11-喜安混合发,2025/8/15,EXP250013,捷淞,是,单独购买,佛山市振粤陶陶瓷有限公司,"7,400.00 ",25312000000257033265,,,是
154,瓷砖,熊猫白,圣荷西2115,Oakland,151,平方米,黎总,600*1200*20,105,3200,3100, 2.300 ,12-圣荷西,2025/8/30,EXP250014,捷淞,,CG2500070,佛山市振粤陶陶瓷有限公司,8400,25442000000612127778,3票公用,,是
200,瓷砖,星耀黑700片,圣荷西2115,Oakland,504,平方米,黎总,600*1200*20,350,11600,11450, 15.500 ,12-圣荷西,2025/8/30,EXP250014,捷淞,,CG2500059,佛山市振粤陶陶瓷有限公司,38885,25442000000612127778,3票公用,,是
201,瓷砖,室外防滑砖,圣荷西2115,Oakland,50,平方米,黎总,600*1200*20,47,1800,1750, 0.900 ,12-圣荷西,2025/8/30,EXP250014,捷淞,,CG2500070,佛山市振粤陶陶瓷有限公司,3102,25442000000612127778,3票公用,,是
214,瓷砖,熊猫白寒江雪,Burbank,洛杉矶,181.44,平方米,黎总,600*1200*20,126,4120,4095, 3.00 ,23-Burbank,2025/12/4,EXP250025,捷淞,是,CG2500069,佛山市振粤陶陶瓷有限公司," 11,700.00 ",25442000000784246190,,,是
235,瓷砖,手工黑色砖,圣荷西2115,Oakland,150,平方米,黎总,60*300*3,150,2700,2650, 2.000 ,16-米尔皮塔,2025/9/25,EXP250018,捷淞,,CG2500075,佛山市振粤陶陶瓷有限公司,32600.00 ,25442000000612144244,,,是
237,瓷砖,800*800黑色砖,圣荷西2115,Oakland,754.56,平方米,黎总,800*800*5,393,17295.93,17100, 10.061 ,16-米尔皮塔,2025/9/25,EXP250018,捷淞,,,佛山市振粤陶陶瓷有限公司,55965.72 ,25442000000612147916,,,是
242,瓷砖,黑白根,Westminster,洛杉矶,72,平方米,黎总,600*1200*20,50,1575,1560, 1.07 ,23-Burbank,2025/12/4,EXP250025,捷淞,是,,佛山市振粤陶陶瓷有限公司," 7,000.00 ",25442000000786207226,,,是
243,瓷砖,手工砖,米尔皮塔,Oakland,100,平方米,黎总,60*300*20,92,1500,1450, 1.300 ,19-米尔皮塔,2025/10/24,EXP250021,捷淞,是,CG2500081,佛山市企顺建材有限公司," 20,000.0 ",25442000000689002635,11月开票,,是
244,瓷砖,黑白根,Westminster,洛杉矶,129.6,平方米,黎总,600*1200*20,90,2825,2790, 1.929 ,17-Westminster,2025/10/18,EXP250019,捷淞,是,,佛山市振粤陶陶瓷有限公司," 11,161.00 ",25442000000689004063,11月开票,,是
244,瓷砖,熊猫白,米尔皮塔,Oakland,74.88,平方米,黎总,600*1200*20,52,1638,1612, 1.123 ,19-米尔皮塔,2025/10/24,EXP250021,捷淞,是,CG2500081,佛山市企顺建材有限公司," 4,160.0 ",25442000000689000544,估计得去趟刘总那里装,,是
245,瓷砖,800*800,Westminster,洛杉矶,501.12,平方米,黎总,800*800*40,261,11500,11400, 6.800 ,17-Westminster,2025/10/18,EXP250019,捷淞,是,,佛山市振粤陶陶瓷有限公司," 37,168.00 ",25442000000632404814,,,是
248,瓷砖,岩板,米尔皮塔,Oakland,467.84,平方米,黎总,3200*760*1850,2,5800,5500, 8.500 ,19-米尔皮塔,2025/10/24,EXP250021,捷淞,是,CG2500088,佛山市企顺建材有限公司," 60,273.0 ",25442000000688995589,11月开票,,是
249,瓷砖,黑白根,圣马特店,Oakland,201.6,平方米,黎总,600*1200*20,140,4600,4550, 3.000 ,19-米尔皮塔,2025/10/24,EXP250021,捷淞,是,,佛山市振粤陶陶瓷有限公司," 16,254.0 ",25442000000688998276,11月开票,,是
284,瓷砖,800*800,圣荷西2115,Oakland,,平方米,黎总,,,,,,27-圣荷西2115,,,捷淞,,,佛山市振粤陶陶瓷有限公司,,,短期内不要了，但压了5w的货款,,
324,瓷砖,寒江雪,Burbank,洛杉矶,27.36（报75平）,平方米,黎总,600*1200*20,19,900,880, 0.40 ,25-圣荷西混合,2025/12/17,EXP250027,捷淞,是,补充合同,佛山市振粤陶陶瓷有限公司," 15,000.00 ",25442000000801728634,,,是
352,瓷砖,大型岩板,圣荷西2115,Oakland,307.2,平方米,,3290*1760*750,3,7000,6800, 13.03 ,27-圣荷西2115,2026/1/26,EXP260001,捷淞,是,CG2600007,佛山市振粤陶陶瓷有限公司," 61,440.00 ",26442000001019822161,,,
74,大理石材,定制大理石餐桌面,密歇根,密歇根,60,（件,阿宗,,15,7320,6820, 19.218 ,02-振宗,2025/5/24,EXP2500004,捷淞,是,,云浮市锦德石业有限公司,198652.4,25442000000342500373,,,是
98,大理石材,定制大理石餐桌面,安纳汉姆,洛杉矶,67,（件,阿宗,,23,7489.5,7160.5, 23.489 ,05-阿宗,2025/6/12,EXP2500007,捷淞,是,,云浮市锦德石业有限公司,,25442000000412894771,,,是
107,大理石材,定制大理石餐桌面,禧瑞都,洛杉矶,70,（件,阿宗,,19,7973,7600, 22.465 ,07-喜瑞都,2025/6/30,EXP2500009,捷淞,是,,云浮市锦德石业有限公司,210237.44,25442000000582437239,,,是
155,大理石材,阿宗定制桌面,圣荷西625,Oakland,15,件,阿宗,1960*730*920,13,3000,2700, 7.066 ,21-圣荷西2115,2025/11/8,EXP250023,捷淞,是,CG2500033，71,云浮市锦德石业有限公司," 42,000.00 ",25442000000760684084,生产中,,是
246,大理石材,阿宗定制桌面,米尔皮塔,Oakland,37,件,阿宗,2466*730*1190,3,820,720, 5.000 ,18-圣荷西皮塔,2025/10/20,EXP250020,捷淞,是,,云浮市锦德石业有限公司," 16,094.00 ",25442000000692684224,还没找阿宗结算开票,,是
306,大理石材,收银台,Burbank,洛杉矶,23,件,阿宗,1860*630*440,13,8280,8000, 12.952 ,23-Burbank,2025/12/4,EXP250025,捷淞,是,,云浮市锦德石业有限公司," 153,577.00 ",25442000000778859312,总共136件,,是
325,大理石材,收银台，洗手盘，酒吧吧台,米尔皮塔,Oakland,25,件,振宗,2270*530*950,5,1050,1000, 6.70 ,25-圣荷西混合,2025/12/17,EXP250027,捷淞,是,单独购买,云浮市锦德石业有限公司," 65,768.00 ",25442000000838165253,,,是
343,大理石材,定制大理石桌面,圣荷西2115,Oakland,109,件,振宗,3200*1100*1150,30,8160,7800, 32.41 ,29-圣荷西2115,2026/3/13,EXP260003,捷淞,,,云浮市锦德石业有限公司," 99,560.00 ",,,,
268,大型酒架,大型定制落地酒架,圣荷西,Oakland,2,套,,,,,,,29-圣荷西2115,,EXP260004,捷淞,,CG2500094,福建省安溪德荣家居用品有限公司," 100,000.00 ",,,,
334,挡边玻璃,钢化挡边玻璃,安纳汉姆,洛杉矶,,,,1470*360*490,1,190,170, 0.26 ,25-圣荷西混合,2025/12/17,EXP250027,不报关,,,（拼船/他方报关）,,,非捷淞报关，属拼船或他方自行报关,,不相关
123,地弹簧门,平开玻璃门,安纳汉姆,洛杉矶,1,套,山东厂家,,1,500,440, 3.476 ,09-安纳汉姆,2025/7/12,EXP250011,捷淞,是,,潍坊开祥自动门窗有限公司,7750.01,25372000000185705786,,,是
164,地弹簧门,平开玻璃门,圣荷西2115,Oakland,2,套,山东运输玻璃门,3110*710*1420,1,1200,1100, 3.140 ,14-圣荷西,2025/9/19,EXP250016,捷淞,,CG2500053,潍坊开祥自动门窗有限公司,27835.00 ,25372000000251305020,,,是
206,地膜,地面保护膜,圣荷西2115,Oakland,35,卷,淘宝,1160*310,35,131.25,130, 3.060 ,12-圣荷西,2025/8/30,EXP250014,捷淞,,CG2500062,广州佳和环保建材有限公司,2021.25,25442000000525668871,,,是
207,地膜,地面保护膜,Burbank,洛杉矶,15,卷,淘宝,1160*310,15,56.25,56, 1.311 ,17-Westminster,2025/10/18,EXP250019,捷淞,是,,淘宝采购, 866.25 ,25442000000525670969,在黎总,,是
288,灯带,灯带搭配屏风,安纳汉姆,洛杉矶,1,套,淘宝,165*155*125,2,17.5,17, 0.010 ,23-Burbank,2025/12/4,EXP250025,捷淞,是,CG2500103,中山市宸光灯火灯饰厂," 4,768.50 ",25952000000256147262,搭配林总酒架,,是
308,灯带,配套,米尔皮塔,Oakland,2,套,,300*300*350,2,37.3,35, 0.38 ,26-oakland混合,2025/12/30,EXP250028,捷淞,是,CG2500115,深圳市亿源生物科技有限公司," 9,229.00 ",25952000000258540054,,,
349,灯带,配套酒架,圣荷西2115,Oakland,1,套,,330*420*420,1,15.55,15, 0.06 ,29-圣荷西2115,2026/3/13,EXP260003,捷淞,是,单独购买,深圳市亿源生物科技有限公司," 2,300.00 ",26952000000429326056,,,
330,灯具,灯笼，灯牌之类的,圣荷西2115,Oakland,180,个,,700*800*900,7,197,160, 1.31 ,26-oakland混合,2025/12/30,EXP250028,捷淞,是,CG2500126,中山市寰亚照明电器厂（个体工商户）," 14,185.00 ",26442000000003043756,,,
10,电磁炉,商用电磁炉,禧瑞都,洛杉矶,4,个,叶总,,4,52,48, 0.280 ,货柜1,2024/5/30,EXP2400001,捷淞,是,,佛山市顺德区盈顺澳电器实业有限公司,,,,,是
11,电磁炉,商用电磁炉,禧瑞都,洛杉矶,4,个,叶总,,4,52,48, 0.280 ,货柜1,2024/5/30,EXP2400001,捷淞,是,,佛山市顺德区盈顺澳电器实业有限公司,,,,,是
12,电磁炉,商用电磁炉,禧瑞都,洛杉矶,2,个,叶总,,2,26,24, 0.140 ,货柜1,2024/5/30,EXP2400001,捷淞,是,,佛山市顺德区盈顺澳电器实业有限公司,,,,,是
29,电磁炉,商用电磁炉,禧瑞都,洛杉矶,100,个,叶总,,10,140,130, 0.700 ,货柜2,2024/11/28,EXP2400002,捷淞,是,,佛山市顺德区盈顺澳电器实业有限公司,,,,,是
62,电磁炉,商用电磁炉,安纳汉姆,洛杉矶,40,个,叶总,,4,52,50.4, 0.280 ,货柜7,2025/3/27,EXP2500002,捷淞,是,,佛山市顺德区盈顺澳电器实业有限公司,,25442000000209849670,,,是
67,电磁炉,商用电磁炉,密歇根,密歇根,30,个,叶总,,165,4765,4583.5, 49.730 ,01-叶总,2025/5/23,EXP2500003,捷淞,是,,佛山市顺德区盈顺澳电器实业有限公司," 4,950.00 ",25442000000320955185,,,是
202,电磁炉,商用电磁炉,圣荷西2115,Oakland,145,个,叶总,520*465*290,10,140,130, 0.700 ,12-圣荷西,2025/8/30,EXP250014,捷淞,,单独购买,佛山市顺德区盈顺澳电器实业有限公司,16500,25442000000545618164,,,是
346,电磁炉,商用电磁炉,米尔皮塔,Oakland,200,个,叶总,520*465*290,20,260,240, 1.40 ,27-圣荷西2115,2026/1/26,EXP260001,捷淞,是,CG2600003,佛山市顺德区盈顺澳电器实业有限公司," 33,000.00 ",26442000000934795606,,,
131,电磁炉餐桌,嵌入式电磁炉,禧瑞都,洛杉矶,（45,个（件,叶总,,73,2361,2259.5, 36.920 ,10-喜瑞都,2025/7/18,EXP250012,捷淞,是,,佛山市顺德区盈顺澳电器实业有限公司,127120.01,25442000000612077424,,,是
13,电烤炉,商用电烤炉,禧瑞都,洛杉矶,50,个,叶总,,50,575,500, 4.000 ,货柜1,2024/5/30,EXP2400001,捷淞,是,,佛山市顺德区盈顺澳电器实业有限公司,,,,,是
30,电烤炉,商用电烤炉,禧瑞都,洛杉矶,50,个,叶总,,50,600,575, 4.000 ,货柜2,2024/11/28,EXP2400002,捷淞,是,,佛山市顺德区盈顺澳电器实业有限公司,,,,,是
63,电烤炉,商用电烤炉,安纳汉姆,洛杉矶,40,个,叶总,,40,460,448, 3.200 ,货柜7,2025/3/27,EXP2500002,捷淞,是,,佛山市顺德区盈顺澳电器实业有限公司,,25442000000209838721,,,是
204,电烤炉,商用电烤炉,圣荷西2115,Oakland,5,个,叶总,612*494*270,5,57.5,47.5, 0.400 ,12-圣荷西,2025/8/30,EXP250014,捷淞,,CG2500061,佛山市顺德区盈顺澳电器实业有限公司,5005,25442000000545628974,,要,是
229,电烤炉,商用电烤炉,圣荷西2115,Oakland,10,个,叶总,612*494*270,10,115,95, 0.800 ,13-圣荷西2115,2025/9/13,EXP250015,捷淞,,,佛山市顺德区盈顺澳电器实业有限公司,10010.00 ,25442000000560857006,,,是
142,吊灯,水晶吊灯,禧瑞都,洛杉矶,8,个,,810*810*520,8,59.05,53, 2.200 ,11-喜安混合发,2025/8/15,EXP250013,捷淞,是,CG2500043,深圳市凯康光电科技有限公司,"16,520 ",25952000000170024143,,,是
329,吊灯,包厢灯，成品灯,圣荷西2115,Oakland,7,个,,600*600*400,7,106.7,100, 0.46 ,26-oakland混合,2025/12/30,EXP250028,捷淞,是,CG2500127,中山市缘典灯饰有限公司," 7,718.00 ",26442000000117972841,,,
341,吊灯,餐厅吊灯,圣荷西625,Oakland,50,套,,500*500*300,51,107.5,100, 3.85 ,27-圣荷西2115,2026/1/26,EXP260001,捷淞,是,CG2600001,中山市赶灯荟灯饰有限公司," 19,000.00 ",26442000001034375746,,,
124,防鸟刺,,安纳汉姆,洛杉矶,10,平方米,阿里巴巴,,50,50,,,09-安纳汉姆,2025/7/12,EXP250011,不报关,是,,阿里巴巴采购,,,,,不相关
153,仿真植物花墙,网红花墙,禧瑞都,洛杉矶,13.5,平方米,,2100*1100*400,2,12,11, 1.848 ,11-喜安混合发,2025/8/15,EXP250013,捷淞,是,CG2500039,广东合源景观工程有限公司,"6,682 ",25442000000471449362,,,是
257,仿真植物花墙,网红花墙,圣马特店,Oakland,14.3,平方米,广东厂家,2100*1100*400,6,40,33, 5.544 ,19-米尔皮塔,2025/10/24,EXP250021,捷淞,是,CG2500086,福建源茂文化创意有限公司," 7,585.0 ",25942000000051478098,两张发票合并,,是
259,仿真植物花墙,网红仿真植物花墙,米尔皮塔,Oakland,12.5,平方米,广东厂家,2100*1100*400,,,,,19-米尔皮塔,2025/10/24,EXP250021,捷淞,是,CG2500087,福建源茂文化创意有限公司," 6,100.0 ",25942000000051478098,,,是
263,仿真植物花墙,网红仿真植物花墙,安纳汉姆,洛杉矶,21.3,平方米,广东厂家,2100*1100*400,2,14,13, 2.54 ,23-Burbank,2025/12/4,EXP250025,捷淞,是,CG2500090,福建源茂文化创意有限公司," 10,428.00 ",25942000000059178906,等待运输,,是
14,钢化玻璃,回转传送带配套钢化玻璃,禧瑞都,洛杉矶,3,,,,3,189,142, 0.180 ,货柜1,2024/5/30,EXP2400001,捷淞,是,,广州市灏合食品机械有限公司,,,,,是
15,钢化玻璃,回转传送带配套钢化玻璃,禧瑞都,洛杉矶,11,,,,11,814,647, 2.420 ,货柜1,2024/5/30,EXP2400001,捷淞,是,,广州市灏合食品机械有限公司,,,,,是
16,钢化玻璃,回转传送带配套钢化玻璃,禧瑞都,洛杉矶,2,,,,2,122,75, 0.520 ,货柜1,2024/5/30,EXP2400001,捷淞,是,,广州市灏合食品机械有限公司,,,,,是
17,钢化玻璃,回转传送带配套钢化玻璃,禧瑞都,洛杉矶,6,,,,6,552,433, 0.900 ,货柜1,2024/5/30,EXP2400001,捷淞,是,,广州市灏合食品机械有限公司,,,,,是
212,隔断,包厢门,禧瑞都,洛杉矶,1,套,,1681*2674,1,450,363, 2.050 ,17-Westminster,2025/10/18,EXP250019,捷淞,是,CG2500066,佛山市南海区筑界空间门窗厂（个体工商户）," 6,600.00 ",25442000000631643237,,,是
114,工作服,餐厅员工工作服,密歇根,密歇根,160,套（件,深圳（舅妈联系,,2,51.5,50, 0.210 ,08-卡座,2025/6/30,EXP250010,捷淞,是,,深圳工作服（存疑）,6328,25442000000354359382,舅妈预定,,是
132,锅具,600个16cm清汤+100个18cm鸳鸯，201,禧瑞都,洛杉矶,700,个,君耀-淘宝,430*650*700,12,306,298.5, 2.408 ,10-喜瑞都,2025/7/18,EXP250012,捷淞,是,CG2500034,佛山市顺德区小企鹅餐饮设备有限公司,15500,25442000000431361577,,,是
211,锅具,清汤款16cm无盖旋风锅,圣荷西,Oakland,480,个,新,430*650*700,8,200,196.8, 1.565 ,13-圣荷西2115,2025/9/13,EXP250015,捷淞,,CG2500050,佛山市顺德区小企鹅餐饮设备有限公司,10080 ,25442000000558610124,,,是
250,焊机,商用金属焊机,Burbank,洛杉矶,1,台,大汉焊接,350*450*340,1,11,7, 0.053 ,17-Westminster,2025/10/18,EXP250019,捷淞,是,CG2500084,常州大汉焊接设备有限公司," 1,135.00 ",25322000000476354040,,,是
251,焊机,商用金属焊机,圣荷西2115,Oakland,1,台,大汉焊接,350*450*340,1,11,7, 0.053 ,19-米尔皮塔,2025/10/24,EXP250021,捷淞,是,CG2500084,常州大汉焊接设备有限公司," 1,135.0 ",25322000000476392424,,,是
31,回转火锅传送设备,回转火锅传送系统,密歇根,密歇根,4,台,,,37,2923.8,2646, 37.670 ,货柜3,2024/11/28,EXP2400003,捷淞,是,,广州市灏合食品机械有限公司,,,,,是
45,回转火锅传送设备,回转火锅传送系统,安纳汉姆,洛杉矶,3,,传送带,,8,3195,3000, 7.410 ,货柜4,2024/11/29,EXP2400004,捷淞,是,,广州航迪机械设备有限公司,,,,,是
178,回转火锅传送设备,回转火锅传送系统,圣荷西,Oakland,3,台,涂经理,1840*600*910,8,2954,2804, 9.385 ,14-圣荷西,2025/9/19,EXP250016,捷淞,,,广州航迪机械设备有限公司,159288,25442000000573919373,,,是
18,火锅底料,,禧瑞都,洛杉矶,,,,,500,6000,5400, 10.300 ,货柜1,2024/5/30,EXP2400001,其他厂家报关,是,,（拼船/他方报关）,,,非捷淞报关，属拼船或他方自行报关,,是
32,火锅底料,,禧瑞都,洛杉矶,,,,,500,5500,5300, 9.500 ,货柜2,2024/11/28,EXP2400002,其他厂家报关,是,,（拼船/他方报关）,,,非捷淞报关，属拼船或他方自行报关,,是
70,火锅底料,,密歇根,密歇根,100,,阿珍贵州,,100,1100,1000, 1.911 ,01-叶总,2025/5/23,EXP2500003,其他厂家报关,是,,（拼船/他方报关）,,,8天 | 非捷淞报关，属拼船或他方自行报关,,不相关
103,火锅底料,,圣荷西,Oakland,,,阿珍贵州,,600,6600,6000, 12.000 ,06-圣荷西,2025/6/19,EXP2500008,其他厂家报关,是,,（拼船/他方报关）,,,非捷淞报关，属拼船或他方自行报关,,不相关
177,火锅底料,,禧瑞都,洛杉矶,104,件,,,104,1144,1040, 2.000 ,11-喜安混合发,2025/8/15,EXP250013,其他厂家报关,是,,（拼船/他方报关）,,,非捷淞报关，属拼船或他方自行报关,,不相关
230,火锅底料,,圣荷西2115,Oakland,,,重庆新,/,203,2147,2030, 4.720 ,13-圣荷西2115,2025/9/13,EXP250015,埋单,,,（拼船/他方报关）,,,非捷淞报关，属拼船或他方自行报关,,不相关
356,火锅底料,,圣荷西2115,Oakland,200,箱,,,200,2580,2400, 3.80 ,27-圣荷西2115,2026/1/26,EXP260001,其他厂家报关,是,,（拼船/他方报关）,,,非捷淞报关，属拼船或他方自行报关,,
277,机柜,ktv设备,圣荷西2115,Oakland,8,个,,1705*868*950,3,400,370, 3.83 ,22-圣荷西2115,2025/11/28,EXP250024,捷淞,是,CG2500098,相城区黄桥昇祥金属制品店," 6,400.00 ",25322000000565208350,,,是
278,机柜,ktv点歌柜,Burbank,洛杉矶,2（6）,个,,1168*868*950,3,300,270, 2.889 ,23-Burbank,2025/12/4,EXP250025,捷淞,是,CG2500098,相城区黄桥昇祥金属制品店," 4,800.00 ",25322000000565390004,汇总上报,,是
279,机柜,ktv点歌柜,安纳汉姆,洛杉矶,2,个,,,,,,,23-Burbank,2025/12/4,EXP250025,捷淞,是,CG2500098,相城区黄桥昇祥金属制品店,,25322000000565390004,,,不相关
281,机柜,ktv点歌柜,禧瑞都,洛杉矶,2,个,,,,,,,23-Burbank,2025/12/4,EXP250025,捷淞,是,CG2500098,相城区黄桥昇祥金属制品店,,25322000000565390004,,,不相关
65,减速电机,备用2套电机,密歇根,密歇根,2,台,涂经理,,3,109.5,100, 0.160 ,01-叶总,2025/5/23,EXP2500003,捷淞,是,,广州航迪机械设备有限公司," 7,596.00 ",25442000000324332499,1天,,是
320,减速电机,,圣荷西2115,Oakland,5,套,,570*320*320,8,199,180, 0.38 ,27-圣荷西2115,2026/1/26,EXP260001,捷淞,是,CG2500124,广州航迪机械设备有限公司," 23,425.00 ",26442000000952020766,,,
234,搅拌机,,圣荷西2115,Oakland,1,台,物流,1164*1164*1074,1,122.7,83.5, 1.455 ,14-圣荷西,2025/9/19,EXP250016,捷淞,,CG2500074,禹城祥牧农牧机械有限公司,4068.00 ,25372000000257116782,,,是
19,接油盘,电磁炉接油盘,禧瑞都,洛杉矶,4,,叶总,,4,25,19, 0.330 ,货柜1,2024/5/30,EXP2400001,捷淞,是,,佛山市顺德区盈顺澳电器实业有限公司,,,,,是
71,接油盘,电磁炉接油盘,密歇根,密歇根,50,个,叶总,,9,66,64, 0.760 ,01-叶总,2025/5/23,EXP2500003,捷淞,,,佛山市顺德区盈顺澳电器实业有限公司," 6,600.00 ",25442000000320967840,,,是
353,接油盘,电磁炉接油盘,米尔皮塔,Oakland,300,个,叶总,780*460*380,25,450,400, 3.40 ,28-圣荷西2115,2026/2/4,EXP260002,捷淞,是,CG2600008,佛山市顺德区盈顺澳电器实业有限公司," 76,230.00 ",26442000001361371141,,,
144,金属蜂窝板,卫生间门,安纳汉姆,洛杉矶,29（60,平方米,,1220*1440*60,3,440,420, 1.366 ,11-喜安混合发,2025/8/15,EXP250013,捷淞,是,,广州高邦装饰材料有限公司,"14,452.20 ",25442000000537021746,,,是
145,金属蜂窝板,卫生间门,禧瑞都,洛杉矶,31,平方米,,1220*1440*60,3,420,400, 1.254 ,11-喜安混合发,2025/8/15,EXP250013,捷淞,是,,广州高邦装饰材料有限公司,"13,519.80 ",25442000000537021746,喜安一起,,是
216,金属蜂窝板,洗手间蜂窝隔断板,米尔皮塔,Oakland,22,平方米,新厂家,2030*1240*360,3,340,320, 0.968 ,13-圣荷西2115,2025/9/13,EXP250015,捷淞,,CG2500052,广州高邦装饰材料有限公司,10256 ,25442000000579384499,,,是
271,金属蜂窝板,洗手间隔板,Burbank,洛杉矶,29.68,平方米,蔡,2410*1510*510,3,270,245, 1.198 ,23-Burbank,2025/12/4,EXP250025,捷淞,是,CG2500096,广州高邦装饰材料有限公司," 13,830.00 ",25442000000765020344,,,是
272,金属蜂窝板,洗手间隔板,圣荷西2115,Oakland,66.5,平方米,蔡,2410*1510*510,3,510,485, 1.99 ,22-圣荷西2115,2025/11/28,EXP250024,捷淞,是,CG2500096,广州高邦装饰材料有限公司," 30,900.00 ",25442000000746186004,,,是
75,酒架,定制落地酒架,密歇根,密歇根,（1,（件,酒架定制,,5,300,295.5, 5.844 ,02-振宗,2025/5/24,EXP2500004,捷淞,是,,福建泉州鼎联工艺品有限公司,,25352000000063286153,,,是
170,酒架,定制落地酒架,禧瑞都/安纳汉姆,洛杉矶,2,套,亚克力定制,1310*190*360,14,566.6,540, 12.124 ,17-Westminster,2025/10/18,EXP250019,捷淞,是,CG2500037,福建省安溪德荣家居用品有限公司," 18,020.00 ",25352000000117050176,,,是
269,酒架,定制落地酒架,米尔皮塔,Oakland,2,套,酒架定制,1520*370*1420,6,222.8,200, 4.02 ,22-圣荷西2115,2025/11/28,EXP250024,捷淞,是,CG2500095,上海雅称广告装潢设计有限公司," 5,852.76 ",25352000000141812025,,,是
304,酒架,弧形酒架,Burbank,洛杉矶,1,套,泉州定制,1850*480*1210,7,232,220, 5.567 ,23-Burbank,2025/12/4,EXP250025,捷淞,是,CG2500111,福建省安溪德荣家居用品有限公司," 7,128.00 ",25352000000142876966,,,是
332,酒架,定制补充酒架,圣荷西625,Oakland,1,套,泉州定制,2360*370*1130,8,295.5,280, 5.46 ,26-oakland混合,2025/12/30,EXP250028,捷淞,是,CG2500129,福建省安溪德荣家居用品有限公司," 8,145.00 ",25352000000153014006,,,
20,菌汤火锅料,,禧瑞都,洛杉矶,,,,,350,3850,3465, 6.500 ,货柜1,2024/5/30,EXP2400001,其他厂家报关,是,,（拼船/他方报关）,,,非捷淞报关，属拼船或他方自行报关,,是
57,卡座,餐厅卡座,密歇根,密歇根,56,,刘总,,57,2952,2900, 57.540 ,货柜6,2025/2/26,EXP2500001,埋单,是,,（拼船/他方报关）,,,非捷淞报关，属拼船或他方自行报关,,不相关
86,卡座,餐厅卡座,圣荷西,Oakland,22,,刘总,,22,1170,1126, 24.900 ,03-黎总、卡座,2025/6/4,EXP2500005,埋单,是,,（拼船/他方报关）,,,非捷淞报关，属拼船或他方自行报关,,不相关
92,卡座,餐厅卡座,安纳汉姆,洛杉矶,61,,刘总,,50,3330,3238, 60.600 ,04-卡座,2025/6/5,EXP2500006,埋单,是,,（拼船/他方报关）,,,非捷淞报关，属拼船或他方自行报关,,不相关
104,卡座,餐厅卡座,圣荷西,Oakland,19,,刘总,,19,980,942, 23.100 ,06-圣荷西,2025/6/19,EXP2500008,埋单,是,,（拼船/他方报关）,,,非捷淞报关，属拼船或他方自行报关,,不相关
109,卡座,餐厅卡座,禧瑞都,洛杉矶,16,,刘总,,16,1320,1288, 23.700 ,07-喜瑞都,2025/6/30,EXP2500009,埋单,是,,（拼船/他方报关）,,,非捷淞报关，属拼船或他方自行报关,,不相关
115,卡座,餐厅卡座,密歇根,密歇根,,,卡座刘总,,19,1580,1542, 31.500 ,08-卡座,2025/6/30,EXP250010,埋单,是,,（拼船/他方报关）,,,非捷淞报关，属拼船或他方自行报关,,不相关
126,卡座,餐厅卡座,安纳汉姆,洛杉矶,41,张,刘总,,11,690,660, 12.500 ,09-安纳汉姆,2025/7/12,EXP250011,埋单,是,,（拼船/他方报关）,,,非捷淞报关，属拼船或他方自行报关,,不相关
181,卡座,刘总卡座,禧瑞都,洛杉矶,,,刘总,,12,308,280, 3.960 ,11-喜安混合发,2025/8/15,EXP250013,埋单,是,,（拼船/他方报关）,,,非捷淞报关，属拼船或他方自行报关,,不相关
247,卡座,刘总卡座,圣荷西2115,Oakland,45,件,卡座刘总,1828*534*1140,56,2572,2400, 48.800 ,18-圣荷西皮塔,2025/10/20,EXP250020,其他厂家报关,,,（拼船/他方报关）,,,非捷淞报关，属拼船或他方自行报关,,不相关
255,卡座,刘总卡座,Burbank,洛杉矶,8,件,卡座刘总,1200*534*1140,8,320,300, 7.600 ,22-圣荷西2115,2025/11/28,EXP250024,其他厂家报关,,,（拼船/他方报关）,,,刘总 | 非捷淞报关，属拼船或他方自行报关,,不相关
256,卡座,刘总卡座,禧瑞都,洛杉矶,6,件,卡座刘总,1200*534*1140,6,180,170, 4.200 ,22-圣荷西2115,2025/11/28,EXP250024,其他厂家报关,,,（拼船/他方报关）,,,刘总 | 非捷淞报关，属拼船或他方自行报关,,不相关
265,卡座,刘总卡座,圣荷西2115,Oakland,29,件,卡座刘总,1828*534*1140,21,1268,1238, 22.200 ,19-米尔皮塔,2025/10/24,EXP250021,其他厂家报关,,,（拼船/他方报关）,,,非捷淞报关，属拼船或他方自行报关,,不相关
268,卡座,刘总卡座,圣荷西2115,Oakland,4,件,卡座刘总,1828*534*1140,4,480,460, 8.80 ,25-圣荷西混合,2025/12/17,EXP250027,其他厂家报关,,,（拼船/他方报关）,,,刘总 | 非捷淞报关，属拼船或他方自行报关,,不相关
290,卡座,刘总卡座,米尔皮塔,Oakland,39,件,卡座刘总,1828*534*1140,27,1953,1820, 36.60 ,24-米尔皮塔,2025/12/4,EXP250026,其他厂家报关,,,（拼船/他方报关）,,,非捷淞报关，属拼船或他方自行报关,,不相关
303,卡座,刘总卡座,安纳汉姆,洛杉矶,7,件,卡座刘总,1828*534*1140,6,720,690, 13.200 ,24-米尔皮塔,2025/12/4,EXP250026,其他厂家报关,,,（拼船/他方报关）,,,非捷淞报关，属拼船或他方自行报关,,不相关
311,卡座,刘总卡座,圣荷西2115,Oakland,2,件,卡座刘总,1828*534*1140,2,240,220, 4.40 ,22-圣荷西2115,2025/11/28,EXP250024,其他厂家报关,,,（拼船/他方报关）,,,非捷淞报关，属拼船或他方自行报关,,不相关
323,卡座,刘总卡座,米尔皮塔,Oakland,29,件,卡座刘总,1828*534*1140,28,692,680, 17.50 ,25-圣荷西混合,2025/12/17,EXP250027,其他厂家报关,,,（拼船/他方报关）,,,非捷淞报关，属拼船或他方自行报关,,不相关
21,烤盘,商用烤盘,禧瑞都,洛杉矶,3,,叶总,,3,57,51, 0.120 ,货柜1,2024/5/30,EXP2400001,捷淞,是,,佛山市顺德区盈顺澳电器实业有限公司,,,,,是
33,烤盘,商用烤盘,禧瑞都,洛杉矶,50,个,,,2,38,35.5, 0.120 ,货柜2,2024/11/28,EXP2400002,捷淞,是,,佛山市顺德区盈顺澳电器实业有限公司,,,,,是
68,烤盘,商用烤盘,密歇根,密歇根,300,个,,,15,435,432, 0.300 ,01-叶总,2025/5/23,EXP2500003,捷淞,,,佛山市顺德区盈顺澳电器实业有限公司," 23,100.00 ",25442000000320973002,,,是
133,烤盘,350mm烤盘，试验,禧瑞都,洛杉矶,5,个,君耀-淘宝,350*350*65,1,5,4.64, 0.100 ,10-喜瑞都,2025/7/18,EXP250012,捷淞,是,,淘宝采购,400,25442000000431372453,,,是
203,烤盘,商用烤盘,圣荷西2115,Oakland,300,个,叶总,34*34*22,15,222,219, 0.450 ,12-圣荷西,2025/8/30,EXP250014,捷淞,是,CG2500060,佛山市顺德区盈顺澳电器实业有限公司,23100,25442000000545623905,,要,是
305,烤盘,定制烤盘,禧瑞都,洛杉矶,500,个,叶总,380*380*160,20,690,670, 0.500 ,23-Burbank,2025/12/4,EXP250025,捷淞,是,CG2500113,佛山市顺德区盈顺澳电器实业有限公司," 40,000.00 ",25442000000764524456,11月底才做好,,是
345,烤盘,商用烤盘,圣荷西2115,Oakland,500,个,安平县,780*780*410,1,326,308, 0.25 ,29-圣荷西2115,2026/3/13,EXP260003,捷淞,是,CG2600002,安平县天和金属网业有限公司," 43,301.60 ",26132000000665381971,,,
340,烤盘模具费用,,,,,,,,,,,,,,,捷淞,,,佛山市顺德区盈顺澳电器实业有限公司," 9,240.00 ",,私人支付，到时候需要拿回,,
55,冷冻肉切片机,冷冻肉切片机,密歇根,密歇根,2,台,南常,1100*800*1700,2,490,440, 3.000 ,货柜6,2025/2/26,EXP2500001,捷淞,是,,北京南常肉食机械有限公司,,25112000000036012569,,,是
125,冷冻肉切片机,冷冻肉切片机,安纳汉姆,洛杉矶,2,台,南常,1100*800*1700,2,490,440, 3.000 ,09-安纳汉姆,2025/7/12,EXP250011,捷淞,是,,北京南常肉食机械有限公司,38000.01,25112000000141769654,,,是
134,冷冻肉切片机,冷冻肉切片机,禧瑞都,洛杉矶,2,台,南常,1100*800*1700,2,490,440, 3.000 ,10-喜瑞都,2025/7/18,EXP250012,捷淞,是,,北京南常肉食机械有限公司,38000.01,25112000000141826864,在黎总那,,是
166,冷冻肉切片机,冷冻肉切片机,圣荷西,Oakland,3,台,南常,1100*800*1700,3,735,660, 4.500 ,16-米尔皮塔,2025/9/25,EXP250018,捷淞,,,北京南常肉食机械有限公司,57000,25112000000199933723,,,是
275,冷冻肉切片机,冷冻肉切片机,圣荷西,Oakland,1,台,南常,1100*800*1650,1,240,220, 1.45 ,22-圣荷西2115,2025/11/28,EXP250024,捷淞,是,,北京南常肉食机械有限公司," 19,000.00 ",25112000000240726298,,,是
276,冷冻肉切片机,冷冻肉切片机,Burbank,洛杉矶,1,台,南常,1100*800*1700,1,240,220, 1.452 ,23-Burbank,2025/12/4,EXP250025,捷淞,是,,北京南常肉食机械有限公司," 19,000.00 ",25112000000240697012,黎总那,,是
350,烤网烤盘清洗机,商用清洗机,圣荷西2115,Oakland,1,台,,910*720*790,1,70,60, 0.60 ,29-圣荷西2115,2026/3/13,EXP260003,捷淞,是,CG2600012,威海九世电子商务有限公司," 2,600.00 ",26372000000545508841,,,
53,铝合金提箱,铝合金餐具提箱,禧瑞都,洛杉矶,6,,新派,,1,25.28,12.816, 0.212 ,货柜5,2024/12/24,EXP2400007,捷淞,是,,星派,,25952000000010779487,,,是
87,铝合金提箱,铝合金餐具提箱,圣荷西,Oakland,8,（个,定制提盘,,8,22,17.84, 0.158 ,03-黎总、卡座,2025/6/4,EXP2500005,捷淞,是,,星派,,25952000000114554258,,,是
94,铝合金提箱,铝合金餐具提箱,安纳汉姆,洛杉矶,26,（个,定制提盘,,26,71.5,57.98, 0.512 ,04-卡座,2025/6/5,EXP2500006,捷淞,是,,星派,,25952000000114529783,,,是
326,满天星吊灯,满天星装饰吊灯,圣荷西2115,Oakland,28,个,,810*810*530,28,500,464, 8.92 ,27-圣荷西2115,2026/1/26,EXP260001,捷淞,是,CG2500123,深圳市凯康光电科技有限公司," 59,180.00 ",26952000000349538671,,,
295,密胺餐具,台德餐具,圣荷西2115,Oakland,12260,只,台德,484*484*225,196,3797.5,3705.2, 13.38 ,22-圣荷西2115,2025/11/28,EXP250024,捷淞,是,CG2500107,东莞市台德塑料制品有限公司," 178,500.00 ",25442000000750038595,,,是
116,盘碗,餐厅用盘碗,密歇根,密歇根,360,,zeqin,,38,645.8,612, 2.596 ,08-卡座,2025/6/30,EXP250010,埋单,是,,（拼船/他方报关）,,,非捷淞报关，属拼船或他方自行报关,,不相关
76,屏风,装饰铁艺屏风,密歇根,密歇根,（26,（件,炜艺,,26,1680,1470, 10.240 ,02-振宗,2025/5/24,EXP2500004,捷淞,是,,泉州市艾森家居用品有限公司,,25352000000061121603,,,是
117,屏风,装饰铁艺屏风,密歇根,密歇根,5,（件,炜艺,,5,320,280, 2.880 ,08-卡座,2025/6/30,EXP250010,捷淞,是,,泉州市艾森家居用品有限公司,11832.01,25352000000061131268,,,是
231,切菜机,商用切菜机,禧瑞都,洛杉矶,1,台,,560*425*630,1,28,26.5, 0.150 ,17-Westminster,2025/10/18,EXP250019,捷淞,是,CG2500058,邢台市泽来鑫机械厂," 2,825.00 ",25132000000158958624,在黎总,,是
232,切菜机,商用切菜机,圣荷西2115,Oakland,1,台,物流,560*425*630,1,28,26.5, 0.150 ,14-圣荷西,2025/9/19,EXP250016,捷淞,,CG2500058,邢台市泽来鑫机械厂,2825.00 ,25132000000159037763,,,是
172,切骨机,商用切骨机,圣荷西,Oakland,1,,,,,,,,15-圣荷西,2025/9/24,EXP250017,不报关,,,北京南常肉食机械有限公司,,,,,不相关
22,清油火锅料,,禧瑞都,洛杉矶,,,,,100,1100,990, 1.900 ,货柜1,2024/5/30,EXP2400001,其他厂家报关,是,,（拼船/他方报关）,,,非捷淞报关，属拼船或他方自行报关,,是
88,铁艺酒架屏风,铁艺装饰酒架,圣荷西,Oakland,（1208,（千克,泉州林总,,19,1256,1020, 21.900 ,03-黎总、卡座,2025/6/4,EXP2500005,捷淞,是,,福建泉州鼎联工艺品有限公司,,25352000000065425345,,,是
252,燃气煮面炉连柜座,煮面机,圣荷西2115,Oakland,2,台,广州的,800*900*850,2,190,150, 1.880 ,19-米尔皮塔,2025/10/24,EXP250021,捷淞,是,CG2500083,广州市多美仕厨房设备制造有限公司," 11,880.0 ",25442000000634396321,,,是
253,燃气煮面炉连柜座,煮面机,Burbank,洛杉矶,1,台,广州的,800*900*850,1,95,75, 0.940 ,17-Westminster,2025/10/18,EXP250019,捷淞,是,CG2500083,广州市多美仕厨房设备制造有限公司," 5,940.00 ",25442000000634389854,,,是
139,人造石英石板材,人造石英石台面板,禧瑞都,洛杉矶,211.59,平方米,,3200*1600*20,1,2625,2620, 3.350 ,11-喜安混合发,2025/8/15,EXP250013,捷淞,是,CG2500031,泉州市新兴石材工艺有限公司,"69,824.48 ",25352000000092601238,喜安一起,,是
174,人造石英石台面,人造石英石台面,圣荷西625店和红木城店,Oakland,229.7,平方米,淘宝店家,1360*745*1075,8,6155,5812, 8.785 ,19-米尔皮塔,2025/10/24,EXP250021,捷淞,是,CG2500093,云浮市贝洛斯石英石有限公司," 126,335.0 ",25442000000677574826,龟毛店家搭配刘总,,是
195,人造石英石制品,人造石英石台面,Burbank,洛杉矶,359.5,平方米,新兴石材,3200*1600*20,2,2200,2000, 6.00 ,20-Burbank店,2025/11/7,EXP250022,捷淞,是,CG2500056,泉州市新兴石材工艺有限公司," 118,626.25 ",25352000000120604846,搭配自助餐台,,是
209,人造石英石制品,人造石英石台面,米尔皮塔,Oakland,325.1,平方米,新兴石材,3200*1600*20,2,2000,1800, 6.475 ,18-圣荷西皮塔,2025/10/20,EXP250020,捷淞,是,CG2500064,泉州市新兴石材工艺有限公司,107273.28 ,25352000000120594758,搭配阿宗,要,是
210,人造石英石制品,搭配自助餐台,米尔皮塔,Oakland,225,平方米,新兴石材,3200*1600*20,3,480,450, 2.40 ,24-米尔皮塔,2025/12/4,EXP250026,捷淞,是,单独购买,泉州市新兴石材工艺有限公司," 74,122.75 ",25352000000143582119,,,是
233,人造石英石制品,配套自助餐台石材台面,圣荷西2115,Oakland,162.5,平方米,新兴石材,3200*1600*20,2,300,250, 2.00 ,26-oakland混合,2025/12/30,EXP250028,捷淞,是,CG2500072,泉州市新兴石材工艺有限公司," 48,750.00 ",25352000000153434915,搭配自助餐台,,
258,人造石英石制品,人造石英石台面,圣荷西625,Oakland,251,平方米,新兴石材,3200*1600*20,2,750,600, 4.500 ,21-圣荷西2115,2025/11/8,EXP250023,捷淞,是,CG2500082,泉州市新兴石材工艺有限公司," 75,300.80 ",25352000000129473410,,,是
333,人造石英石制品,搭配收银台,米尔皮塔,Oakland,110,平方米,新兴石材,3200*1600*20,2,900,880, 2.05 ,25-圣荷西混合,2025/12/17,EXP250027,捷淞,是,补充合同,泉州市新兴石材工艺有限公司," 34,100.00 ",25352000000149639769,,,是
267,烧烤网,一次性烤盘网,禧瑞都,洛杉矶,5000,个,淘宝,345r,25,362.5,350, 1.33 ,20-Burbank店,2025/11/7,EXP250022,捷淞,是,CG2500089,安平县隆曦五金丝网制品厂," 3,900.00 ",25132000000185199827,已送到,,是
127,人造石英石板材,石英石台面板,安纳汉姆,洛杉矶,=3.6*1.2（8),平方米,泉州石材,,1,270,256, 0.102 ,09-安纳汉姆,2025/7/12,EXP250011,捷淞,是,,泉州市新兴石材工艺有限公司,2552.01,25352000000082352806,,,是
34,水盘,,禧瑞都,洛杉矶,,,叶总,,4,30,28,,货柜2,2024/11/28,EXP2400002,其他厂家报关,是,,佛山市顺德区盈顺澳电器实业有限公司,,,,,是
64,汤锅,商用不锈钢汤锅,密歇根,密歇根,850,个,淘宝,,2,62.9,58, 0.718 ,01-叶总,2025/5/23,EXP2500003,捷淞,是,,淘宝采购," 20,250.00 ",25442000000320961976,,,是
171,汤桶,304不锈钢桶,禧瑞都,洛杉矶,20,个,,830*830*930,5,205,118, 1.600 ,11-喜安混合发,2025/8/15,EXP250013,捷淞,是,CG2500045,潮州市富雅猴不锈钢有限公司,"3,915.15 ",25442000000497305208,,,是
351,陶瓷餐具,日式陶瓷餐具,圣荷西2115andBurbank,Oakland和洛杉矶,100,个,,430*320*180,8,170.95,150, 0.20 ,27-圣荷西2115,2026/1/26,EXP260001,捷淞,是,CG2600006,潮州市陶云瓷业有限公司," 2,968.00 ",26442000000896710306,,,
293,陶瓷炖盅,,圣荷西2115,Oakland,1000,只,,460*360*420,20,480,440, 1.39 ,22-圣荷西2115,2025/11/28,EXP250024,捷淞,是,CG2500106,潮州市雅玉陶瓷有限公司," 9,200.00 ",25442000000743429729,,,是
283,陶瓷盘,陶瓷餐盘,圣荷西2115,Oakland,1000,只,,410*270*270,5,127.5,120, 0.149 ,21-圣荷西2115,2025/11/8,EXP250023,捷淞,是,CG2500100,潮州市雅玉陶瓷有限公司," 2,250.00 ",25442000000693116848,,,是
35,铁艺屏风,铁艺装饰屏风,密歇根,密歇根,1100,千克,,,18,1150,1100, 20.190 ,货柜3,2024/11/28,EXP2400003,捷淞,是,,福建泉州鼎联工艺品有限公司,,,,,是
36,铁艺屏风,铁艺装饰屏风,禧瑞都,洛杉矶,1500,千克,,,27,1625,1500, 27.760 ,货柜2,2024/11/28,EXP2400002,捷淞,是,,福建泉州鼎联工艺品有限公司,,,,,是
46,铁艺屏风,铁艺装饰屏风,安纳汉姆,洛杉矶,450,,,,7,460,450, 5.850 ,货柜4,2024/11/29,EXP2400004,捷淞,是,,福建泉州鼎联工艺品有限公司,,,,,是
56,铁艺屏风,铁艺装饰屏风,密歇根,密歇根,480,千克,,,,,,,货柜6,2025/2/26,EXP2500001,捷淞,,,福建泉州鼎联工艺品有限公司,,,没有发票的单独报关数据,,是
95,铁艺屏风,酒架,圣荷西2115,Oakland,3,套,泉州林总,2770*2438*340,25,1487,1377, 26.610 ,13-圣荷西2115,2025/9/13,EXP250015,捷淞,,,福建泉州鼎联工艺品有限公司,66541.19,25352000000107483099,,,是
96,铁艺屏风,酒架,圣荷西2115,Oakland,1,套,泉州林总,2770*2438*340, 11 , 654 , 606 , 11.710 ,14-圣荷西,2025/9/19,EXP250016,捷淞,,,福建泉州鼎联工艺品有限公司,22180,25352000000107492190,,,是
99,铁艺屏风,铁艺装饰屏风,安纳汉姆,洛杉矶,（1480,（千克,泉州林总,,24,1665,1480, 29.330 ,05-阿宗,2025/6/12,EXP2500007,捷淞,是,,福建泉州鼎联工艺品有限公司,,25352000000065434327,,,是
196,铁艺屏风,亚克力灯带屏风,米尔皮塔,Oakland,2,套,泉州林总,2480*1350*1180,26,1386,1376, 10.70 ,26-oakland混合,2025/12/30,EXP250028,捷淞,是,CG2500057,福建泉州鼎联工艺品有限公司," 51,980.19 ",26352000000027842011,生产中,,
239,铁艺屏风,亚克力屏风,安纳汉姆,洛杉矶,1,套,泉州林总,2320*2438,12,783,700, 5.70 ,23-Burbank,2025/12/4,EXP250025,捷淞,是,CG2500077,福建泉州鼎联工艺品有限公司," 19,381.71 ",25352000000138489246,生产中,,是
297,铁艺屏风,铁艺装饰屏风,米尔皮塔,Oakland,4,套,泉州林总,2320*1200*500,7,516,428, 6.65 ,22-圣荷西2115,2025/11/28,EXP250024,捷淞,是,CG2500109,福建泉州鼎联工艺品有限公司," 12,163.00 ",25352000000143416346,,,是
298,铁艺屏风,铁艺装饰屏风,圣马特店,Oakland,2,套,泉州林总,2330*1350*1180,17,1150,1020, 15.34 ,26-oakland混合,2025/12/30,EXP250028,捷淞,是,CG2500110,福建泉州鼎联工艺品有限公司," 49,747.98 ",26352000000126343681,,,
339,铁艺屏风,铁艺酒架屏风（补充）,安纳汉姆,洛杉矶,1,套,泉州林总,,,,,,26-oakland混合,2025/12/30,EXP250028,合并报关,是,单独购买,福建泉州鼎联工艺品有限公司,,,合在298的发票里 不单独开,,
37,碗,餐厅用碗,禧瑞都,洛杉矶,,,,,,,,,货柜2,2024/11/28,EXP2400002,其他厂家报关,是,,（拼船/他方报关）,,,非捷淞报关，属拼船或他方自行报关,,是
93,五金桌脚,餐桌脚架,圣荷西,Oakland,190,套,,440*440*390,196,2425.65,2327.65, 3.111 ,15-圣荷西,2025/9/24,EXP250017,捷淞,,CG2500040,广东红泰阳家具有限公司,29020,25442000000587955016,,,是
302,五金桌脚,餐台桌脚,Burbank,洛杉矶,128,套,,550*180*100,138,1760.3,1700, 2.520 ,23-Burbank,2025/12/4,EXP250025,捷淞,是,CG2500079,广东红泰阳家具有限公司," 21,104.00 ",25442000000777388253,,,是
328,小型饭团机,饭团机+铺饭机,圣荷西625,Oakland,2,台,宜拓,690*450*695,2,64,60, 0.26 ,25-圣荷西混合,2025/12/17,EXP250027,捷淞,是,乙方合同,宜拓（淘宝采购样品）," 76,591.40 ",25442000000801799565,,,是
69,新型无烟火锅,商用无烟火锅,密歇根,密歇根,50,个,叶总,,50,1200,1100, 8.500 ,01-叶总,2025/5/23,EXP2500003,捷淞,,,佛山市顺德区盈顺澳电器实业有限公司," 92,500.00 ",25442000000320976395,,,是
205,新型无烟火锅,商用无烟火锅,圣荷西2115,Oakland,10,台,叶总,650*580*450,10,240,220, 1.700 ,12-圣荷西,2025/8/30,EXP250014,捷淞,,CG2500061,佛山市顺德区盈顺澳电器实业有限公司,21725,25442000000545638432,,要,是
228,新型无烟火锅,商用无烟火锅,圣荷西2115,Oakland,10,台,叶总,650*580*450,10,240,220, 1.700 ,13-圣荷西2115,2025/9/13,EXP250015,捷淞,,,佛山市顺德区盈顺澳电器实业有限公司,20812.00 ,25442000000560868108,,,是
182,亚克力板,亚克力乳白透光板,禧瑞都,洛杉矶,13,张,,2200*1400,1,39,38, 0.080 ,17-Westminster,2025/10/18,EXP250019,捷淞,是,CG2500051,深圳市亿扬塑业有限公司," 2,537.00 ",25952000000162476112,,,是
183,亚克力板,亚克力乳白透光板,安纳汉姆,洛杉矶,22,张,,2200*1400,1,61,60, 0.135 ,17-Westminster,2025/10/18,EXP250019,捷淞,是,CG2500042,深圳市亿扬塑业有限公司," 4,218.00 ",25952000000151448418,,,是
262,亚克力板,乳白透光板搭配屏风,安纳汉姆,洛杉矶,36,张,,1220*2440*3,1,283,262, 0.68 ,23-Burbank,2025/12/4,EXP250025,捷淞,是,CG2500092,深圳市亿扬塑业有限公司," 6,876.00 ",26952000001033590196,搭配林总酒架,,
274,亚克力板,亚克力乳白透光板,安纳汉姆,洛杉矶,14,张,,1220*2440*3,1,135,122, 0.560 ,20-Burbank店,2025/11/7,EXP250022,捷淞,是,CG2500097,深圳市亿扬塑业有限公司," 2,954.00 ",25952000000234675868,,,是
307,亚克力板,配套亚克力乳白透光板,米尔皮塔,Oakland,92,张,,1220*2440*3,2,814,744, 2.00 ,26-oakland混合,2025/12/30,EXP250028,捷淞,是,CG2500114,深圳市亿扬塑业有限公司," 19,232.00 ",25952000000277171774,,,
327,亚克力板,亚克力乳白透光板,圣荷西2115,Oakland,27,张,亚克力,2500*1300*490,1,1073,1052, 1.60 ,25-圣荷西混合,2025/12/17,EXP250027,捷淞,是,CG2500125,深圳市亿扬塑业有限公司," 23,505.00 ",26952000000046836181,,,是
38,烟管,油烟排管,禧瑞都,洛杉矶,,,,,2,30,25, 0.690 ,货柜2,2024/11/28,EXP2400002,其他厂家报关,是,,（拼船/他方报关）,,,非捷淞报关，属拼船或他方自行报关,,是
135,岩板,小样,禧瑞都,洛杉矶,17（48.96,片（平方米,黎总,1200*2400,1,1452,1350, 3.000 ,10-喜瑞都,2025/7/18,EXP250012,捷淞,是,,佛山市振粤陶陶瓷有限公司,5756.01,25442000000436160644,,,是
105,样品,,圣荷西,Oakland,,,自买,,6,175.27,160, 2.000 ,06-圣荷西,2025/6/19,EXP2500008,不报关,是,,直接采购,,,,,不相关
143,椅子,高脚椅,禧瑞都,洛杉矶,8,把,厂家定制,490*490*960,8,78,64, 1.844 ,17-Westminster,2025/10/18,EXP250019,捷淞,是,CG2500047,佛山市卡典五金制品有限公司," 5,288.40 ",25442000000507381195,已报关未装，在何总,,是
168,椅子,餐厅椅子,禧瑞都,洛杉矶,24,把,淘宝,600*600*700,12,200,168, 2.700 ,11-喜安混合发,2025/8/15,EXP250013,捷淞,是,单独购买,淘宝采购,"4,560.00 ",25132000000132035468,,,是
185,椅子,餐厅椅子,圣荷西,Oakland,24,把,外运输,650*600*570,12,231,204, 5.335 ,14-圣荷西,2025/9/19,EXP250016,捷淞,是,CG2500046,佛山市欧诗缇家具有限公司,8725,25442000000595916659,,,是
240,椅子,餐厅椅子,圣荷西625店和红木城店,Oakland,100,把,廊坊秀儿商贸,790*680*560,50,775,750, 11.300 ,18-圣荷西皮塔,2025/10/20,EXP250020,捷淞,是,CG2500078,廊坊秀儿商贸有限公司,18000.00 ,25132000000186319835,,,是
241,椅子,餐厅椅子,Burbank,洛杉矶,150,把,廊坊秀儿商贸,790*680*560,75,1162.5,1100, 16.950 ,20-Burbank店,2025/11/7,EXP250022,捷淞,是,CG2500078,廊坊秀儿商贸有限公司," 27,000.00 ",25132000000200832405,,,是
296,椅子,餐厅椅子,Burbank,洛杉矶,90,把,廊坊秀儿商贸,790*680*560,45,697.5,680, 10.170 ,23-Burbank,2025/12/4,EXP250025,捷淞,是,CG2500078,廊坊秀儿商贸有限公司," 16,200.00 ",25132000000200862093,装剩的，在何总那。货拉拉过去,,是
299,椅子,高脚椅,圣荷西2115,Oakland,20,把,廊坊秀儿商贸,480*480*950,20,232,230, 4.38 ,25-圣荷西混合,2025/12/17,EXP250027,捷淞,是,CG2500112,廊坊秀儿商贸有限公司," 8,600.00 ",25132000000216090043,,,是
301,椅子,高脚椅,Burbank,洛杉矶,20,把,廊坊秀儿商贸,950*480*480,20,232,230, 4.38 ,23-Burbank,2025/12/4,EXP250025,捷淞,是,CG2500112,廊坊秀儿商贸有限公司," 8,600.00 ",25132000000216070140,已做好，运输中,,是
315,椅子,餐厅椅子,圣荷西2115,Oakland,164,把,廊坊秀儿商贸,790*680*560,82,1230,1200, 18.37 ,25-圣荷西混合,2025/12/17,EXP250027,捷淞,是,CG2500118,廊坊秀儿商贸有限公司," 28,700.00 ",25132000000228925309,,,是
335,椅子,餐厅椅子（尾货）,圣荷西2115,Oakland,136,把,廊坊秀儿商贸,790*680*560,68,1020,1000, 15.23 ,26-oakland混合,2025/12/30,EXP250028,捷淞,是,CG2500118,廊坊秀儿商贸有限公司," 23,800.00 ",25132000000229003815,,,
342,音响设备,BMB设备,米尔皮塔,Oakland,8,套,,700*380*650,25,442,420, 2.49 ,27-圣荷西2115,2026/1/26,EXP260001,捷淞,是,CG2500130,广州雅竹音响有限公司," 76,939.00 ",26442000001127680651,,,
100,釉面砖,釉面瓷砖,安纳汉姆,洛杉矶,70,平方米,山东厂家,,80,1300,1280, 1.100 ,05-阿宗,2025/6/12,EXP2500007,捷淞,是,,山东火狐（存疑）,,25372000000179956900,舅妈预定,,是
39,鸳鸯锅,鸳鸯火锅,禧瑞都,洛杉矶,,,淘宝,,5,110,100, 0.717 ,货柜2,2024/11/28,EXP2400002,其他厂家报关,是,,淘宝采购,,,,,是
317,长方盘,各种烤盘，剪刀，夹子,圣荷西2115,Oakland,2564,个,台德,570*345*350,21,431.99,420, 0.34 ,25-圣荷西混合,2025/12/17,EXP250027,捷淞,是,CG2500120,东莞市台德塑料制品有限公司," 27,109.60 ",25442000000802882847,,,是
337,长方盘,台德剩余,圣荷西2115,Oakland,536,个,台德,570*345*350,14,221.75,201.75, 0.90 ,26-oakland混合,2025/12/30,EXP250028,捷淞,是,CG2500120,东莞市台德塑料制品有限公司," 11,500.40 ",25442000000840413312,,,
23,支撑柱,回转传送带支撑柱,禧瑞都,洛杉矶,3,,传送带,,3,129,88, 0.540 ,货柜1,2024/5/30,EXP2400001,捷淞,是,,广州航迪机械设备有限公司,,,,,是
213,置物架,NSF置物架,安纳汉姆,洛杉矶,110,套,,1213*457*1800,111,3833.1,3722.1, 18.000 ,17-Westminster,2025/10/18,EXP250019,捷淞,是,CG2500068,中山市常胜金属制品有限公司," 104,635.60 ",25442000000642728838,共用发票,,是
214,置物架,NSF置物架,Burbank,洛杉矶,110,套,,1213*457*1800,109,3757.4,3648.4, 17.630 ,17-Westminster,2025/10/18,EXP250019,捷淞,是,,中山市常胜金属制品有限公司,,25442000000642728838,共用发票,,是
287,竹蒸笼,竹制蒸笼,圣荷西2115,Oakland,200,套,,920*375*636,3,45.5,41, 0.47 ,22-圣荷西2115,2025/11/28,EXP250024,捷淞,是,CG2500102,佛山市顺德区粤兴强竹篮厂, 995.00 ,25442000000761244579,这个没法报关,,不相关
348,竹蒸笼,竹制蒸笼,圣荷西2115,Oakland,100,个,单独,790*530*675,2,40,37, 0.52 ,27-圣荷西2115,2026/1/26,EXP260001,捷淞,是,CG2600004,佛山市顺德区粤兴强竹篮厂, 798.00 ,26442000000967460356,无法报关,,
47,铸铝门,铸铝装饰门,安纳汉姆,洛杉矶,260,千克,舅妈联系,,1,268,260, 1.073 ,货柜4,2024/11/29,EXP2400004,捷淞,是,,铸铝门（存疑）,,,舅妈预定,,是
344,桌架,餐桌支撑架,圣荷西2115,Oakland,9,个,叶总,1270*950*870,1,56,54, 1.10 ,27-圣荷西2115,2026/1/26,EXP260001,捷淞,是,单独购买,佛山市顺德区盈顺澳电器实业有限公司," 1,980.00 ",26442000000935044906,,,
118,自助餐台,定制自助餐台,密歇根,密歇根,2,,zeqin,,4,,, 11.700 ,08-卡座,2025/6/30,EXP250010,埋单,是,,（拼船/他方报关）,,,非捷淞报关，属拼船或他方自行报关,,不相关
136,自助餐台,定制自助餐台,安纳汉姆,洛杉矶,3,套,何总布菲传奇,2149*1150*1100,8,1580,1221, 17.300 ,11-喜安混合发,2025/8/15,EXP250013,捷淞,,,广州布菲厨具制造有限公司,"144,300 ",25442000000493073271,,,是
137,自助餐台,定制自助餐台,禧瑞都,洛杉矶,3,套,何总布菲传奇,2654*1160*1100,7,1715,1424, 16.400 ,11-喜安混合发,2025/8/15,EXP250013,捷淞,是,,广州布菲厨具制造有限公司,"107,922 ",25442000000457809171,,,是
189,自助餐台,定制自助餐台,Burbank,洛杉矶,3,套,何总布菲传奇,2654*1160*1100,38,3800,3600, 34.00 ,20-Burbank店,2025/11/7,EXP250022,捷淞,是,,广州布菲厨具制造有限公司," 335,643.00 ",25442000000553575412,10/20可以做好,,是
190,自助餐台,定制自助餐台,圣荷西,Oakland,,,zeqin,,15,6470,6000, 42.840 ,15-圣荷西,2025/9/24,EXP250017,埋单,,,（拼船/他方报关）,,,非捷淞报关，属拼船或他方自行报关,,不相关
191,自助餐台,定制自助餐台,圣荷西,Oakland,,,zeqin,,2,1000,800, 8.560 ,16-米尔皮塔,2025/9/25,EXP250018,埋单,,,（拼船/他方报关）,,,非捷淞报关，属拼船或他方自行报关,,不相关
193,自助餐台,定制自助餐台,圣荷西2115,Oakland,1,套,何总布菲传奇,2654*1160*1100,9,3400,2895, 19.400 ,27-圣荷西2115,2026/1/26,EXP260001,捷淞,是,CG2600011,广州布菲厨具制造有限公司," 114,117.80 ",26442000001359418216,生产中,,
194,自助餐台,定制自助餐台,红木城,Oakland,2,套,何总布菲传奇,2654*1160*1100,3,1145,1000, 6.10 ,26-oakland混合,2025/12/30,EXP250028,捷淞,是,补充合同,广州布菲厨具制造有限公司," 64,749.00 ",25442000000813941163,生产中,,
260,自助餐台,定制自助餐台,圣荷西2115,Oakland,4,套,何总布菲传奇,2654*1160*1100,8,3207,3000, 24.400 ,29-圣荷西2115,2026/3/13,EXP260003,捷淞,,CG2600011,广州布菲厨具制造有限公司," 344,069.40 ",26442000001359572071,生产中,,
261,自助餐台,定制自助餐台,米尔皮塔,Oakland,2,套,何总布菲传奇,2654*1160*1100,9,2890,2700, 16.50 ,24-米尔皮塔,2025/12/4,EXP250026,捷淞,是,,广州布菲厨具制造有限公司," 129,950.00 ",25442000000712700921,,,是
357,自助餐台,定制自助餐台,圣荷西2115,Oakland,1,套,何总布菲传奇,2654*1160*1100,5,2182,1900, 8.90 ,28-圣荷西2115,2026/2/4,EXP260002,捷淞,是,CG2600011,广州布菲厨具制造有限公司," 104,689.80 ",,,,
358,灯具,桌上台灯,禧瑞都,洛杉矶,200,个,,595*525*340,10,75,60, 0.11 ,29-圣荷西2115,2026/3/13,EXP260003,捷淞,是,CG2600009,中山市八洲照明科技有限公司," 4,300.00 ",26442000002575928716,,,
359,上压肉杆,肉类加工辅助工具,圣荷西2115,Oakland,2,件,,500*500*500,1,2.5,2, 0.13 ,27-圣荷西2115,2026/1/26,EXP260001,捷淞,是,单独购买,北京南常肉食机械有限公司, 280.00 ,26112000000356331826,,,
360,下压肉杆,肉类加工辅助工具,圣荷西2115,Oakland,2,件,,500*500*500,1,2.5,2, 0.13 ,27-圣荷西2115,2026/1/26,EXP260001,捷淞,是,单独购买,北京南常肉食机械有限公司, 280.00 ,26112000000356773726,,,
361,瓷砖,300平方黑，300平方白,圣荷西2115,Oakland,613,平方米,黎总,1100*1100*1020,8,10500,10000, 9.87 ,28-圣荷西2115,2026/2/4,EXP260002,捷淞,是,CG2600010,佛山市振粤陶陶瓷有限公司," 79,690.00 ",26442000001313428141,,,
362,人造石英石制品,配套石英石台面,圣荷西2115,Oakland,200,平方米,,3200*1600*20,5,1000,800, 6.00 ,29-圣荷西2115,2026/3/13,EXP260003,捷淞,是,,泉州市新兴石材工艺有限公司," 60,004.10 ",26352000000264715696,,,
363,不锈钢门,不锈钢装饰门,威斯敏,洛杉矶,6,套,,,,,,,,,,捷淞,,CG2600013,云浮市锦德石业有限公司," 41,000.00 ",,,,
364,洗手盘,台上洗手盆,威斯敏,洛杉矶,2,套,,,,,,,,,,捷淞,,CG2600014,云浮市锦德石业有限公司," 4,608.00 ",,,,
365,桌面,定制石材桌面,威斯敏,洛杉矶,38,件,,,,,,,,,,捷淞,,CG2600014,云浮市锦德石业有限公司," 58,060.00 ",,,,
366,吧台玉石,天然玉石吧台,威斯敏,洛杉矶,1,套,,,,,,,,,,捷淞,,CG2600014,云浮市锦德石业有限公司," 25,000.00 ",,,,
367,厨房石,厨房石材台面,威斯敏,洛杉矶,5,件,,,,,,,,,,捷淞,,CG2600014,云浮市锦德石业有限公司," 5,836.00 ",,,,
368,餐桌,餐厅实木餐桌,威斯敏,洛杉矶,42,件,,,,,,,,,,捷淞,,CG2600015,佛山市顺德区盈顺澳电器实业有限公司," 131,560.00 ",,,,
369,自助餐台,定制自助餐台,圣荷西2115,Oakland,,,,,,,,,,,,,,,广州布菲厨具制造有限公司,,,,,
