EXP合同号,出口日期,序号,商品名称,HS编码,申报要素,美元单价,美元总价,数量（计算）,单位,货源地,货柜毛重kg,货柜净重kg,数据来源
EXP2500001,,1,釉面砖,6907219000,0|0|贴面砖|135*333|0.2%|无|白色,25.0000,8160.00,326.4,平方米,,,,放行单
EXP2500001,,2,冷冻肉切片机,8438500000,0|0|对冷冻肉类产品进行切片|NFC-350YD|,3200.0000,6400.00,2,台,,,,放行单
EXP2500001,,3,铁艺屏风,8306299000,0|0|碳钢管|屏风|未镀贵金属|非铃、钟、锣|无品牌|方管4*4 3*3,0.2500,120.00,480,千克,,,,放行单
EXP2500002,,1,餐边柜,9403200000,0|0|用于餐厅储物、摆放餐具及装饰|铁艺（金属结构）|无品牌|1720*580*1220mm|,650.0000,29900.00,46,,,,,放行单
EXP2500002,,2,电磁炉,8516601000,0|0|餐厅加热食品用|电磁炉应用电磁感应原理对食品进行加热。炉面是耐热陶瓷板，交变电流通过陶瓷板下方的线圈产生磁场，磁场内的磁力线穿过铁锅、不锈钢等底部时，产生涡流，令锅底迅速发热，达到加热食品的目的。|无品牌|H6,26.0000,1040.00,40,个,,,,放行单
EXP2500002,,3,新型无烟火锅,8516609000,0|0|用于加热食物|通过电磁感应原理对食品进行加热，但采用了新技术无烟，设备自行可销烟|无|无|,180.0000,7200.00,40,台,,,,放行单
EXP2500002,,4,釉面砖,6907219000,0|0|贴面砖|135*333|0.2%|无|白色,3.0000,150.00,50,平方米,,,,放行单
EXP2500002,,5,不锈钢餐具,7323930000,0|0|餐桌使用的不锈钢刀、叉等器具|不锈钢|未搪瓷|无品牌|,25.0000,19296.00,771.84,,,,,放行单
EXP2500003,,1,餐边柜,9403200000,0|0|用于餐厅储物、摆放餐具及装饰|铁艺（金属结构）|无品牌|1720*580*1220mm|,635.0000,29210.00,46,,,,,放行单
EXP2500003,,2,电磁炉,8516601000,0|0|餐厅加热食品用|电磁炉应用电磁感应原理对食品进行加热。炉面是耐热陶瓷板，交变电流通过陶瓷板下方的线圈产生磁场，磁场内的磁力线穿过铁锅、不锈钢等底部时，产生涡流，令锅底迅速发热，达到加热食品的目的。|无品牌|H6,38.0000,1140.00,30,个,,,,放行单
EXP2500003,,3,烧烤网,7323990000,0|0|餐厅使用，用于烧烤食品的支撑与加热|铁（镀锌铁丝）|未搪瓷|无品牌|,6.0000,5100.00,850,,,,,放行单
EXP2500003,,4,烤盘,7615109000,0|0|餐桌用|铝合金|烤盘|,31.0000,1550.00,50,个,,,,放行单
EXP2500003,,5,新型无烟火锅,8516609000,0|0|用于加热食物|通过电磁感应原理对食品进行加热，但采用了新技术无烟，设备自行可销烟|无|无|,18.0000,5400.00,300,台,,,,放行单
EXP2500003,,6,不锈钢桶,7310100090,0|0|盛装熬制的高汤使用|不锈钢|桶|300L|无,425.0000,21250.00,50,个,,,,放行单
EXP2500003,,7,减速电机,8501510090,0|0|750kw|否|无|无|,29.0000,319.00,11,台,,,,放行单
EXP2500003,,8,釉面砖,6907219000,0|0|贴面砖|135*333|0.2%|无|白色,770.0000,1540.00,2,平方米,,,,放行单
EXP2500004,,1,地弹簧门,7308300000,0|0|用于餐厅门|不锈钢、玻璃|门|,1000.0000,2,0,,,,,放行单
EXP2500004,,2,金属蜂窝板,7326909000,0|0|非工业用|外层不锈钢板，内层铝蜂窝芯|切割成型并封边|,1700.0000,7326909000,4309946.47,,,,,放行单
EXP2500004,,3,满天星吊灯,9405110000,0|0|用于餐厅装饰照明使用灯具||,188.0000,4,0.02,个,,,,放行单
EXP2500004,,4,LED显示屏,8531200000,0|0|用于餐厅装饰的LED幕布墙|采用发光二极管技术通过PN结施加相应电压从而发光|无|5260*2540MM,,,,个,,,,放行单
EXP2500004,,5,大理石材,6802911000,0|0|用于切割的台面板|大理石|切锯打磨|2800*1067MM|鱼肚黑,,,,件,,,,放行单
EXP2500004,,6,餐边柜,9403200000,0|0|用于餐厅储物、摆放餐具及装饰|铁艺（金属结构）|无品牌|1720*580*1220mm|,,,,,,,,放行单
EXP2500005,,1,釉面砖,6907219000,0|0|贴面砖|135*333|0.2%|无|白色,15.4000,11827.20,768,平方米,,,,放行单
EXP2500005,,2,铝合金提箱,4202190000,0|0|烤盘提箱|铝合金|无|330mm型|,68.0000,544.00,8,个,,,,放行单
EXP2500005,,3,铁艺屏风,8306299000,0|0|碳钢管|屏风|未镀贵金属|非铃、钟、锣|无品牌|方管4*4 3*3,8.2000,9905.60,1208,千克,,,,放行单
EXP2500006,,1,釉面砖,6907219000,0|0|贴面砖|135*333|0.2%|无|白色,40.3000,4030.00,100,平方米,,,,放行单
EXP2500006,,2,铝合金提箱,4202190000,0|0|烤盘提箱|铝合金|无|330mm型|,68.0000,1768.00,26,个,,,,放行单
EXP2500006,,3,餐边柜,9403200000,0|0|用于餐厅储物、摆放餐具及装饰|铁艺（金属结构）|无品牌|1720*580*1220mm|,390.0000,2340.00,6,,,,,放行单
EXP2500007,,1,釉面砖,6907219000,0|0|贴面砖|135*333|0.2%|无|白色,33.0000,2310.00,70,平方米,,,,放行单
EXP2500007,,2,大理石材,6802911000,0|0|用于切割的台面板|大理石|切锯打磨|2800*1067MM|鱼肚黑,600.0000,40200.00,67,件,,,,放行单
EXP2500007,,3,铁艺屏风,8306299000,0|0|碳钢管|屏风|未镀贵金属|非铃、钟、锣|无品牌|方管4*4 3*3,10.0000,14800.00,1480,千克,,,,放行单
EXP2500007,,4,地弹簧门,7308300000,0|0|用于餐厅门|不锈钢、玻璃|门|,1225.0000,2450.00,2,,,,,放行单
EXP2500008,,1,釉面砖,6907219000,0|0|贴面砖|135*333|0.2%|无|白色,15.4001,8574.80,556.8,平方米,,,,放行单
EXP2500009,,1,玻璃护栏,7610900000,0|0|铝、玻璃|铝制支撑玻璃护栏|栓接|,95.0000,1710.00,18,件,,,,放行单
EXP2500009,,2,大理石材,6802911000,0|0|用于切割的台面板|大理石|切锯打磨|2800*1067MM|鱼肚黑,555.0000,38850.00,70,件,,,,放行单
EXP2500009,,3,地弹簧门,7308300000,0|0|用于餐厅门|不锈钢、玻璃|门|,1225.0000,4900.00,4,,,,,放行单
EXP250010,,1,长方盘,3924100000,0|0|餐桌用/盛放食物用|密胺树脂|无品牌|无型号|,1.2000,9600.00,8000,,,,,放行单
EXP250010,,2,满天星吊灯,9405110000,0|0|用于餐厅装饰照明使用灯具||,107.0000,1712.00,16,个,,,,放行单
EXP250010,,3,餐边柜,9403200000,0|0|用于餐厅储物、摆放餐具及装饰|铁艺（金属结构）|无品牌|1720*580*1220mm|,383.0000,1915.00,5,,,,,放行单
EXP250010,,4,灯带,9405429000,0|0|LED 灯带，DC/AC 驱动，可弯曲安装，用于室内装饰照明|无品牌||,189.0027,2842.60,15.04,,,,,放行单
EXP250010,,5,工作服,6103320000,0|0|钩编|上衣|男式|100%纯棉|是|无|无|XL,840.0000,3360.00,4,件,,,,放行单
EXP250011,,1,釉面砖,6907219000,0|0|贴面砖|135*333|0.2%|无|白色,13.3000,5745.60,432,平方米,,,,放行单
EXP250011,,2,冷冻肉切片机,8438500000,0|0|对冷冻肉类产品进行切片|NFC-350YD|,3210.0000,6420.00,2,台,,,,放行单
EXP250011,,3,地弹簧门,7308300000,0|0|用于餐厅门|不锈钢、玻璃|门|,1310.0000,1310.00,1,,,,,放行单
EXP250011,,4,满天星吊灯,9405110000,0|0|用于餐厅装饰照明使用灯具||,11805.0000,23610.00,2,个,,,,放行单
EXP250011,,5,LED显示屏,8531200000,0|0|用于餐厅装饰的LED幕布墙|采用发光二极管技术通过PN结施加相应电压从而发光|无|5260*2540MM,93.0000,4650.00,50,个,,,,放行单
EXP250011,,6,混凝土制品,6810999000,,13.0003,1772.20,136.32,,,,,放行单
EXP250012,,1,长方盘,3924100000,0|0|餐桌用/盛放食物用|密胺树脂|无品牌|无型号|,1.4000,5600.00,4000,,,,,放行单
EXP250012,,2,冷冻肉切片机,8438500000,0|0|对冷冻肉类产品进行切片|NFC-350YD|,1605.0000,3210.00,2,台,,,,放行单
EXP250012,,3,餐边柜,9403200000,0|0|用于餐厅储物、摆放餐具及装饰|铁艺（金属结构）|无品牌|1720*580*1220mm|,450.0000,20250.00,45,,,,,放行单
EXP250012,,4,不锈钢餐具,7323930000,0|0|餐桌使用的不锈钢刀、叉等器具|不锈钢|未搪瓷|无品牌|,20.0000,979.20,48.96,,,,,放行单
EXP250012,,5,地弹簧门,7308300000,0|0|用于餐厅门|不锈钢、玻璃|门|,4.0000,2800.00,700,,,,,放行单
EXP250012,,6,釉面砖,6907219000,0|0|贴面砖|135*333|0.2%|无|白色,750.0000,6000.00,8,平方米,,,,放行单
EXP250012,,7,烤盘,7615109000,0|0|餐桌用|铝合金|烤盘|,14.0000,70.00,5,个,,,,放行单
EXP250013,,1,燃气煮面炉连柜座,8419810000,0|0|用于餐饮厨房煮制面条、食品加热及保温|无品牌|无型号|,7450.0000,22350.00,3,,,,,放行单
EXP250013,,2,LED显示屏,8531200000,0|0|用于餐厅装饰的LED幕布墙|采用发光二极管技术通过PN结施加相应电压从而发光|无|5260*2540MM,5550.0000,16650.00,3,个,,,,放行单
EXP250013,,3,餐边柜,9403200000,0|0|用于餐厅储物、摆放餐具及装饰|铁艺（金属结构）|无品牌|1720*580*1220mm|,6180.0000,12360.00,2,,,,,放行单
EXP250013,,4,灯带,9405429000,0|0|LED 灯带，DC/AC 驱动，可弯曲安装，用于室内装饰照明|无品牌||,56.0003,11849.10,211.59,,,,,放行单
EXP250013,,5,人造石英石制品,9403892000,0|0|配套金属结构自助餐台使用|人造石英石|无品牌|1600*3200|,395.0000,5940.80,15.04,平方米,,,,放行单
EXP250013,,6,满天星吊灯,9405110000,0|0|用于餐厅装饰照明使用灯具||,515.0000,3090.00,6,个,,,,放行单
EXP250013,,7,金属蜂窝板,7326909000,0|0|非工业用|外层不锈钢板，内层铝蜂窝芯|切割成型并封边|,350.0000,2800.00,8,,,,,放行单
EXP250013,,8,釉面砖,6907219000,0|0|贴面砖|135*333|0.2%|无|白色,80.0000,4800.00,60,平方米,,,,放行单
EXP250013,,9,仿真植物花墙,6702100000,0|0|塑料+织物，固定于网架上，用于餐厅室内墙面装饰||,10.0000,1000.00,100,,,,,放行单
EXP250013,,10,不锈钢餐具,7323930000,0|0|餐桌使用的不锈钢刀、叉等器具|不锈钢|未搪瓷|无品牌|,0.5000,1225.00,2450,,,,,放行单
EXP250013,,11,椅子,9401719000,0|0|用于餐厅及酒吧等室内座位|人造皮革软垫|金属框架|有装软垫|无品牌,22.0000,2200.00,100,,,,,放行单
EXP250013,,12,玻璃马赛克,7016100000,0|0|室内外墙面及地面装饰|原片经切割后模具制作|马赛克砖|,35.0000,1260.00,36,,,,,放行单
EXP250013,,13,玻璃瓶,7010902000,0|0|用于装饰的空酒瓶|750ml||,85.0000,1147.50,13.5,千克,,,,放行单
EXP250014,,1,餐边柜,9403200000,0|0|用于餐厅储物、摆放餐具及装饰|铁艺（金属结构）|无品牌|1720*580*1220mm|,805.0000,33005.00,41,,,,,放行单
EXP250014,,2,釉面砖,6907219000,0|0|贴面砖|135*333|0.2%|无|白色,12.0000,8460.00,705,平方米,,,,放行单
EXP250014,,3,电磁炉,8516601000,0|0|餐厅加热食品用|电磁炉应用电磁感应原理对食品进行加热。炉面是耐热陶瓷板，交变电流通过陶瓷板下方的线圈产生磁场，磁场内的磁力线穿过铁锅、不锈钢等底部时，产生涡流，令锅底迅速发热，达到加热食品的目的。|无品牌|H6,28.0000,2800.00,100,个,,,,放行单
EXP250014,,4,新型无烟火锅,8516609000,0|0|用于加热食物|通过电磁感应原理对食品进行加热，但采用了新技术无烟，设备自行可销烟|无|无|,13.0000,3900.00,300,台,,,,放行单
EXP250014,,5,烤盘,7615109000,0|0|餐桌用|铝合金|烤盘|,170.0000,850.00,5,个,,,,放行单
EXP250014,,6,地膜,3920999090,0|0|PVC|有色卷材薄膜|不与其他材料合制|装修施工时地板保护使用|卷材长50米|无品牌|,370.0000,3700.00,10,,,,,放行单
EXP250015,,1,釉面砖,6907219000,0|0|贴面砖|135*333|0.2%|无|白色,12.7001,4633.00,364.8,平方米,,,,放行单
EXP250015,,2,铁艺屏风,8306299000,0|0|碳钢管|屏风|未镀贵金属|非铃、钟、锣|无品牌|方管4*4 3*3,10.0000,3000.00,300,千克,,,,放行单
EXP250015,,3,不锈钢餐具,7323930000,0|0|餐桌使用的不锈钢刀、叉等器具|不锈钢|未搪瓷|无品牌|,3800.0000,11400.00,3,,,,,放行单
EXP250015,,4,金属蜂窝板,7326909000,0|0|非工业用|外层不锈钢板，内层铝蜂窝芯|切割成型并封边|,1.7000,15300.00,9000,,,,,放行单
EXP250015,,5,长方盘,3924100000,0|0|餐桌用/盛放食物用|密胺树脂|无品牌|无型号|,4.0000,1920.00,480,,,,,放行单
EXP250015,,6,餐边柜,9403200000,0|0|用于餐厅储物、摆放餐具及装饰|铁艺（金属结构）|无品牌|1720*580*1220mm|,80.0000,1760.00,22,,,,,放行单
EXP250015,,7,新型无烟火锅,8516609000,0|0|用于加热食物|通过电磁感应原理对食品进行加热，但采用了新技术无烟，设备自行可销烟|无|无|,815.0000,6520.00,8,台,,,,放行单
EXP250016,,1,釉面砖,6907219000,0|0|贴面砖|135*333|0.2%|无|白色,12.7500,8568.00,672,平方米,,,,放行单
EXP250016,,2,铁艺屏风,8306299000,0|0|碳钢管|屏风|未镀贵金属|非铃、钟、锣|无品牌|方管4*4 3*3,3800.0000,3800.00,1,千克,,,,放行单
EXP250016,,3,地弹簧门,7308300000,0|0|用于餐厅门|不锈钢、玻璃|门|,2390.0000,4780.00,2,,,,,放行单
EXP250016,,4,椅子,9401719000,0|0|用于餐厅及酒吧等室内座位|人造皮革软垫|金属框架|有装软垫|无品牌,9100.0000,27300.00,3,,,,,放行单
EXP250016,,5,玻璃瓶,7010902000,0|0|用于装饰的空酒瓶|750ml||,65.0000,1560.00,24,千克,,,,放行单
EXP250016,,6,回转火锅传送设备,8428391000,0|0|用于传输食材的传送设备|带式|无|宽度600型,0.5000,2625.00,5250,台,,,,放行单
EXP250016,,7,切菜机,8438600000,0|0|用于厨房切割蔬菜|无品牌|无型号|,500.0000,500.00,1,,,,,放行单
EXP250016,,8,搅拌机,8509409000,0|0|是家用|83千克|2200W|平底款200公斤盖|,700.0000,700.00,1,,,,,放行单
EXP250017,,2,不锈钢操作台,9403200000,0|0|用于餐饮厨房后厨操作台面|不锈钢|无品牌,165.0000,5280.00,32,台,广州其他,3642.4,3406.85,底单
EXP250017,,1,五金桌脚,9403990000,0|0|用于支撑桌子安装用|不锈钢|十字|||无品牌,27.0000,5130.00,190,套,佛山其他,3642.4,3406.85,底单
EXP250018,,4,瓷砖,6907219000,0|0|铺面砖|800*800MM|0.003|无牌|深灰色,13.0000,9809.30,754.56,平方米,佛山其他,23516.9,23094,底单
EXP250018,,3,餐桌,9403200000,0|0|餐厅用于盛放餐具用品的桌子，由桌框桌架桌,575.0000,18400.00,32,件,佛山其他,23516.9,23094,底单
EXP250018,,2,瓷砖,6907219000,0|0|铺面砖|60*300MM|0.004|无牌|黑色,40.0000,6000.00,150,平方米,佛山其他,23516.9,23094,底单
EXP250018,,1,冷冻肉切片机,8438500000,0|0|对冷冻肉类产品进行切片|无牌|NFC-350YD,3305.0000,9915.00,3,台,北京经济技术开发区,23516.9,23094,底单
EXP250019,,1,椅子,9401719000,0|0|用于餐厅及酒吧等室内座位|人造皮革软垫|金属框架|有装软垫|无品牌,125.0000,1000.00,8,,,,,放行单
EXP250019,,2,金属蜂窝板,7326909000,0|0|非工业用|外层不锈钢板，内层铝蜂窝芯|切割成型并封边|,2000.0000,4000.00,2,,,,,放行单
EXP250019,,3,亚克力板,3920510000,0|0|用于隔断制作|透明|PMMA|无品牌|2440*1220*10mm,40.0000,520.00,13,,,,,放行单
EXP250019,,4,地膜,3920999090,0|0|PVC|有色卷材薄膜|不与其他材料合制|装修施工时地板保护使用|卷材长50米|无品牌|,40.0000,880.00,22,,,,,放行单
EXP250019,,5,餐边柜,9403200000,0|0|用于餐厅储物、摆放餐具及装饰|铁艺（金属结构）|无品牌|1720*580*1220mm|,10.0000,150.00,15,,,,,放行单
EXP250019,,6,釉面砖,6907219000,0|0|贴面砖|135*333|0.2%|无|白色,1200.0000,1200.00,1,平方米,,,,放行单
EXP250019,,7,焊机,8515390000,0|0|电弧焊接原理（氩弧焊TIG方式）|否，手动操作|无品牌|TIG200SE|,100.0000,22000.00,220,,,,,放行单
EXP250019,,8,燃气煮面炉连柜座,8419810000,0|0|用于餐饮厨房煮制面条、食品加热及保温|无品牌|无型号|,15.0000,1944.00,129.6,,,,,放行单
EXP250019,,9,切菜机,8438600000,0|0|用于厨房切割蔬菜|无品牌|无型号|,15.0000,7516.80,501.12,,,,,放行单
EXP250020,,1,大理石材,6802911000,0|0|用于切割的台面板|大理石|切锯打磨|2800*1067MM|鱼肚黑,100.0000,3700.00,37,件,,,,放行单
EXP250020,,2,人造石英石制品,9403892000,0|0|配套金属结构自助餐台使用|人造石英石|无品牌|1600*3200|,62.0000,20156.20,325.1,平方米,,,,放行单
EXP250020,,3,椅子,9401719000,0|0|用于餐厅及酒吧等室内座位|人造皮革软垫|金属框架|有装软垫|无品牌,35.0000,3500.00,100,,,,,放行单
EXP250021,,1,人造石英石制品,9403892000,0|0|配套金属结构自助餐台使用|人造石英石|无品牌|1600*3200|,110.0000,25267.00,229.7,平方米,,,,放行单
EXP250021,,2,满天星吊灯,9405110000,0|0|用于餐厅装饰照明使用灯具||,100.0000,2900.00,29,个,,,,放行单
EXP250021,,3,釉面砖,6907219000,0|0|贴面砖|135*333|0.2%|无|白色,40.0000,4000.00,100,平方米,,,,放行单
EXP250021,,4,焊机,8515390000,0|0|电弧焊接原理（氩弧焊TIG方式）|否，手动操作|无品牌|TIG200SE|,15.0000,1123.20,74.88,,,,,放行单
EXP250021,,5,燃气煮面炉连柜座,8419810000,0|0|用于餐饮厨房煮制面条、食品加热及保温|无品牌|无型号|,25.0000,11696.00,467.84,,,,,放行单
EXP250021,,6,LED显示屏,8531200000,0|0|用于餐厅装饰的LED幕布墙|采用发光二极管技术通过PN结施加相应电压从而发光|无|5260*2540MM,15.0000,3024.00,201.6,个,,,,放行单
EXP250021,,7,仿真植物花墙,6702100000,0|0|塑料+织物，固定于网架上，用于餐厅室内墙面装饰||,300.0000,300.00,1,,,,,放行单
EXP250022,,1,玻璃瓶,7010902000,0|0|用于装饰的空酒瓶|750ml||,0.5000,650.00,1300,千克,,,,放行单
EXP250022,,2,燃气煮面炉连柜座,8419810000,0|0|用于餐饮厨房煮制面条、食品加热及保温|无品牌|无型号|,17500.0000,52500.00,3,,,,,放行单
EXP250022,,3,人造石英石制品,9403892000,0|0|配套金属结构自助餐台使用|人造石英石|无品牌|1600*3200|,60.0000,21570.00,359.5,平方米,,,,放行单
EXP250022,,4,椅子,9401719000,0|0|用于餐厅及酒吧等室内座位|人造皮革软垫|金属框架|有装软垫|无品牌,340.0000,680.00,2,,,,,放行单
EXP250022,,5,烧烤网,7323990000,0|0|餐厅使用，用于烧烤食品的支撑与加热|铁（镀锌铁丝）|未搪瓷|无品牌|,34.0000,5100.00,150,,,,,放行单
EXP250022,,6,餐边柜,9403200000,0|0|用于餐厅储物、摆放餐具及装饰|铁艺（金属结构）|无品牌|1720*580*1220mm|,0.2500,1250.00,5000,,,,,放行单
EXP250022,,7,亚克力板,3920510000,0|0|用于隔断制作|透明|PMMA|无品牌|2440*1220*10mm,40.0000,560.00,14,,,,,放行单
EXP250023,,1,地弹簧门,7308300000,0|0|用于餐厅门|不锈钢、玻璃|门|,1500.0000,16500.00,11,,,,,放行单
EXP250023,,2,大理石材,6802911000,0|0|用于切割的台面板|大理石|切锯打磨|2800*1067MM|鱼肚黑,450.0000,6750.00,15,件,,,,放行单
EXP250023,,3,人造石英石制品,9403892000,0|0|配套金属结构自助餐台使用|人造石英石|无品牌|1600*3200|,50.0000,12550.00,251,平方米,,,,放行单
EXP250023,,4,长方盘,3924100000,0|0|餐桌用/盛放食物用|密胺树脂|无品牌|无型号|,130.0000,5330.00,41,,,,,放行单
EXP250023,,5,陶瓷炖盅,6911101900,0|0|瓷制|厨房用具（用于炖煮食材）|否|无品牌|,1.0000,6000.00,6000,,,,,放行单
EXP250023,,6,满天星吊灯,9405110000,0|0|用于餐厅装饰照明使用灯具||,0.5000,500.00,1000,个,,,,放行单
