出口合同号,发货店铺,商品名称,规格,数量,售出单价USD,售出总价USD,购销合同号,采购金额RMB,厂家,毛重,体积
EXP2400001,,不锈钢圈,370*370*210,2.0,130.0,260.0,,,叶总,60.0,0.06
EXP2400001,,传送带,1380*680*910,5.0,630.4,3152.0,,,,470.0,4.25
EXP2400001,,传送带,1380*680*910,5.0,630.4,3152.0,,,,470.0,4.25
EXP2400001,,传送带,2290*680*910,2.0,630.4,1260.8,,,,470.0,4.25
EXP2400001,,传送带,1320*680*910,3.0,630.4,1891.2,,,,470.0,4.25
EXP2400001,,传送带,2120*680*910,19.0,630.4,11977.6,,,,470.0,4.25
EXP2400001,,接油盘,520*465*350,4.0,103.705,414.9,,,叶总,25.0,0.33
EXP2400001,,支撑柱,820*470*480,3.0,319.2,957.6,,,传送带,129.0,0.54
EXP2400001,,烤盘,（34*34*20）*2件，49*36*38,3.0,282.333333333333,847.0,,,叶总,57.0,0.12
EXP2400001,,电烤炉,612*497*270,50.0,157.3,7865.0,,,叶总,575.0,4.0
EXP2400001,,电磁炉,520*465*290,4.0,259.3,1037.2,,,叶总,52.0,0.28
EXP2400001,,电磁炉,520*465*290,4.0,259.3,1037.2,,,叶总,52.0,0.28
EXP2400001,,电磁炉,520*465*290,2.0,259.3,518.6,,,叶总,52.0,0.28
EXP2400001,,钢化玻璃,680*250*380,3.0,242.99,729.0,,,,189.0,0.18
EXP2400001,,钢化玻璃,1080*300*680,11.0,242.99,2672.9,,,,189.0,0.18
EXP2400001,,钢化玻璃,1360*270*710,2.0,242.99,486.0,,,,189.0,0.18
EXP2400001,,钢化玻璃,1510*280*370,6.0,242.99,1458.0,,,,189.0,0.18
EXP2400001,,非金属矿物制品*瓷砖,800*800,122.0,24.0,2928.0,,,黎总,5484.0,3.226
EXP2400001,,非金属矿物制品*瓷砖,600*1200,2.0,19.5552,39.2,,,黎总,5484.0,3.226
EXP2400002,,不锈钢圈,370×370×210,3.0,43.33,130.0,,,叶总,40.0,0.78
EXP2400002,,烤盘,501×338×228,2.0,285.0,570.0,,,,38.0,0.12
EXP2400002,,瓷砖,800×800,293.0,25.0,7325.0,,,黎总,13200.0,9.5
EXP2400002,,电烤炉,612×497×270,50.0,160.0,8000.0,,,叶总,600.0,4.0
EXP2400002,,电磁炉,520×465×290,10.0,260.0,2600.0,,,叶总,140.0,0.7
EXP2400002,,铁艺屏风,257×41×130,27.0,470.0,12690.0,,,,1625.0,27.76
EXP2400003,,回转火锅传送设备,2120×685×920,4.0,7400.0,29600.0,,,,2923.8,37.67
EXP2400003,,玻璃酒瓶,501×338×228,43.0,17.5,752.5,,,徐州玻璃瓶,787.5,3.6
EXP2400003,,瓷砖,800×800×2,247.0,25.0,6175.0,,,黎总,6300.0,4.5
EXP2400003,,瓷砖,600X1200×2,175.0,22.0,3850.0,,,黎总,6300.0,4.5
EXP2400003,,铁艺屏风,257×41×130,3.0,3150.0,9450.0,,,,1150.0,20.19
EXP2400004,,PU石皮大板,310X105×27,100.0,9.3,930.0,,,淘宝,123.0,1.53
EXP2400004,,不锈钢桌面,1220X810×20,45.0,89.0,4005.0,,,郭总,650.0,4.0
EXP2400004,,回转火锅传送设备,2480×350×480,3.0,7000.0,21000.0,,,传送带,3195.0,7.41
EXP2400004,,玻璃酒瓶,501×338×228,1050.0,1.2,1260.0,,,徐州玻璃瓶,1312.5,6.0
EXP2400004,,瓷砖,800X800X3,562.56,25.0,14064.0,,,黎总,12892.0,7.6
EXP2400004,,瓷砖,60X300×56,200.0,40.0,8000.0,,,黎总,12892.0,7.6
EXP2400004,,铁艺屏风,257×41×130,450.0,4.5,2025.0,,,,460.0,5.85
EXP2400004,,铸铝门,965X2057×210,260.0,8.07692307692308,2100.0,,,舅妈联系,268.0,1.073
EXP2400005,,密胺餐盘,53*53*28,145.4,6.15,894.3,,,王总定制,147.9,0.5
EXP2400006,,密胺餐盘,53*53*28,110.0,6.15,676.5,,,王总定制,125.0,0.42
EXP2400007,,瓷砖,0.8*0.8*0.4,691.2,25.0,17280.0,,,黎总,3648.0,5.0
EXP2400007,,瓷砖,0.6*1.2*0.3,164.16,14.0,2298.3,,,黎总,3648.0,5.0
EXP2400007,,瓷砖,0.6*1.2*0.3,50.4,24.0,1209.6,,,黎总,3648.0,5.0
EXP2400007,,铝合金提箱,0.57*0.455*0.82,6.0,56.0,336.0,,,新派,25.28,0.212
EXP2500001,,冷冻肉切片机,1.1*0.8*1.7,2.0,3260.0,6520.0,,,南常,490.0,3.0
EXP2500001,,瓷砖,0.8*0.8*0.04,326.4,25.0,8160.0,,,黎总,7500.0,4.45
EXP2500002,,不锈钢圈,30*30*35,50.0,3.0,150.0,,,叶总,20.0,0.03
EXP2500002,,瓷砖,800*800,771.84,25.0,19296.0,,,黎总,17688.0,10.5
EXP2500002,,瓷砖,30*30*11,300.0,10.0,3000.0,,,黎总,17688.0,10.5
EXP2500002,,电烤炉,61.2*49.7*27,40.0,180.0,7200.0,,,叶总,460.0,3.2
EXP2500002,,电磁炉,52*46.5*29,40.0,26.0,1040.0,,,叶总,52.0,0.28
EXP2500002,,餐桌,110*83*222,46.0,650.0,29900.0,,,叶总,3034.0,40.18
EXP2500003,,不锈钢桶,60*60,11.0,29.0,319.0,,1545.00,,62.9,0.718
EXP2500003,,减速电机,300*120,2.0,770.0,1540.0,,7596.00,涂经理,109.5,0.16
EXP2500003,,接油盘,630*360*405,50.0,31.0,1550.0,,6600.00,叶总,66.0,0.76
EXP2500003,,新型无烟火锅,625*385*530,50.0,425.0,21250.0,,92500.00,叶总,1200.0,8.5
EXP2500003,,汤锅,70*46*70,850.0,6.0,5100.0,,20250.00,淘宝,62.9,0.718
EXP2500003,,烤盘,30*30*11,300.0,18.0,5400.0,,23100.00,,435.0,0.3
EXP2500003,,瓷砖,600*1200,300.0,12.0,3600.0,,16995.00,黎总,5000.0,10.5
EXP2500003,,电磁炉,52*46.5*29,30.0,38.0,1140.0,,4950.00,叶总,4765.0,49.73
EXP2500003,,餐桌,128*64*75,46.0,635.0,29210.0,,201780.00,叶总,2787.0,38.86
EXP2500004,,LED模组,5260*240*2540,2.0,3450.0,6900.0,,,深圳杨总,265.0,1.21
EXP2500004,,不锈钢门,1250*950*2560,5.0,1000.0,5000.0,,25654,郭总,1003.0,8.103
EXP2500004,,吊灯,980*660*660,34.0,188.0,6392.0,,,深圳陈小姐,416.4,9.67
EXP2500004,,大理石材,2800*1067*150,60.0,745.0,44700.0,,198652.4,阿宗,7320.0,19.218
EXP2500004,,屏风,1230*520*900,1470.0,10.0,14700.0,,,炜艺,1680.0,10.24
EXP2500004,,酒架,2800*1350*35,1.0,1700.0,1700.0,,,酒架定制,300.0,5.844
EXP2500005,圣荷西,瓷砖,800*800,768.0,15.4,11827.2,,,黎总,17600.0,10.45
EXP2500005,圣荷西,铁艺屏风,2780*440*1190,1208.0,8.2,9905.6,,,泉州林总,1256.0,21.9
EXP2500005,圣荷西,铝合金提箱,755*630*475,8.0,68.0,544.0,,,定制提盘,22.0,0.158
EXP2500006,安纳汉姆,瓷砖,398*140,100.0,40.3,4030.0,,,广东厂家,1550.0,1.502
EXP2500006,安纳汉姆,铝合金提箱,990*750*850,26.0,68.0,1768.0,,,定制提盘,71.5,0.512
EXP2500006,安纳汉姆,餐桌,1372*1067,6.0,390.0,2340.0,,,叶总,214.0,3.22
EXP2500007,安纳汉姆,不锈钢门,2400*1180,2.0,1225.0,2450.0,,,郭总,1254.0,8.965
EXP2500007,安纳汉姆,大理石材,2743*1017,67.0,600.0,40200.0,,,阿宗,7489.5,23.489
EXP2500007,安纳汉姆,釉面砖,135*333,70.0,33.0,2310.0,,,山东厂家,1300.0,1.1
EXP2500007,安纳汉姆,铁艺屏风,2372*1220,1480.0,10.0,14800.0,,,泉州林总,1665.0,29.33
EXP2500008,圣荷西,瓷砖,800*800,556.8,15.4,8574.8,,,黎总,12760.0,7.576
EXP2500009,喜瑞都,不锈钢门,2400*1180*700,4.0,1225.0,4900.0,,25183.00,,530.0,
EXP2500009,喜瑞都,大理石材,2320*1067*14,70.0,555.0,38850.0,,210237.44,阿宗,7973.0,22.465
EXP2500009,喜瑞都,玻璃护栏,900*420*270,18.0,95.0,1710.0,,10191,淘宝定制,488.8,0.712
EXP250010,密歇根,LED吊灯,980*660*660,16.0,107.0,1712.0,,10556.8,深圳陈小姐,196.0,6.83
EXP250010,密歇根,LED吊灯,980*660*660,16.0,107.0,1712.0,,10556.8,深圳陈小姐,196.0,6.83
EXP250010,密歇根,不锈钢屏风,1170*4050*370,15.04,189.0,2842.6,,17529.01,水晶屏风厂家,479.0,2.265
EXP250010,密歇根,不锈钢屏风,1170*4050*370,15.04,189.0,2842.6,,17529.01,水晶屏风厂家,479.0,2.265
EXP250010,密歇根,壁炉,2750*630*830,4.0,840.0,3360.0,,20679,雾化壁炉,261.0,1.438
EXP250010,密歇根,壁炉,2750*630*830,4.0,840.0,3360.0,,20679,雾化壁炉,261.0,1.438
EXP250010,密歇根,密胺餐盘,514*514*255,8000.0,1.2,9600.0,,59200,王总定制,1995.5,6.137
EXP250010,密歇根,密胺餐盘,514*514*255,8000.0,1.2,9600.0,,59200,王总定制,1995.5,6.137
EXP250010,密歇根,屏风,1230*520*900,5.0,383.0,1915.0,,11832.01,炜艺,320.0,2.88
EXP250010,密歇根,屏风,1230*520*900,5.0,383.0,1915.0,,11832.01,炜艺,320.0,2.88
EXP250010,密歇根,工作服,70*30*70,160.0,6.5,1040.0,,6328,深圳（舅妈联系,51.5,0.21
EXP250010,密歇根,工作服,70*30*70,160.0,6.5,1040.0,,6328,深圳（舅妈联系,51.5,0.21
EXP250011,安娜汉姆,LED吊灯,510*510*810,50.0,93.0,4650.0,,27600.01,深圳陈小姐,612.4,16.5
EXP250011,安娜汉姆,LED显示屏,1290*1190*1230,2.0,11805.0,23610.0,,139690.21,深圳杨总,1037.0,4.677
EXP250011,安娜汉姆,人造石英石板材,3200*1600*20,8.0,53.0,424.0,,2552.01,泉州石材,270.0,0.102
EXP250011,安娜汉姆,冷冻肉切片机,1100*800*1700,2.0,3210.0,6420.0,,38000.01,南常,490.0,3.0
EXP250011,安娜汉姆,地弹簧门,4340*590*1330,1.0,1310.0,1310.0,,7750.01,山东厂家,500.0,3.476
EXP250011,安娜汉姆,瓷砖,600*1200*10,432.0,13.3,5745.6,,33990.01,黎总,10500.0,13.26
EXP250011,安娜汉姆,瓷砖,800*800*10,136.32,13.0,1772.2,,33990.01,黎总,10500.0,13.26
EXP250012,喜瑞都,不锈钢门,1000*580*2480,8.0,750.0,6000.0,,35626,郭总,1115.0,8.758
EXP250012,喜瑞都,冷冻肉切片机,1100*800*1700,2.0,1605.0,3210.0,,38000.01,南常,490.0,3.0
EXP250012,喜瑞都,烤盘,350*350*65,5.0,14.0,70.0,,400,君耀-淘宝,5.0,0.1
EXP250012,喜瑞都,瓷砖,1200*2400,48.96,20.0,979.2,,5756.01,黎总,1452.0,3.0
EXP250012,喜瑞都,锅具,430*650*700,700.0,4.0,2800.0,CG2500034,15500,君耀-淘宝,306.0,2.408
EXP250012,喜瑞都,餐桌,2445*1076,45.0,450.0,20250.0,,127120.01,叶总,2361.0,36.92
EXP250012,喜瑞都,餐盘,514*515*255,4000.0,1.4,5600.0,,25850,王总定制,998.52,3.119
EXP250013,喜瑞都,LED显示屏,1270*1220*1440,2.0,6180.0,12360.0,CG2500026,73119,深圳杨总,533.0,2.82
EXP250013,喜瑞都,不锈钢屏风,2650*660*430,15.04,395.0,5940.8,CG2500038,35058,,923.7,4.53
EXP250013,喜瑞都,不锈钢火锅,600*400*300,100.0,10.0,1000.0,CG2500036,5439,,76.0,0.704
EXP250013,喜瑞都,人造石英石板材,3200*1600*20,211.59,56.0,11849.1,CG2500031,69824.48,,2625.0,3.35
EXP250013,喜瑞都,仿真植物花墙,2100*1100*400,13.5,85.0,1147.5,CG2500039,6682,,12.0,1.848
EXP250013,喜瑞都,吊灯,810*810*520,8.0,350.0,2800.0,CG2500043,16520,,59.05,2.2
EXP250013,喜瑞都,壁炉,2110*600*900,6.0,515.0,3090.0,CG2500035,18306,,183.0,1.139
EXP250013,喜瑞都,椅子,600*600*700,24.0,30.0,720.0,淘宝购买,4560.00,淘宝,200.0,2.7
EXP250013,喜瑞都,汤桶,830*830*930,20.0,33.0,660.0,CG2500045,3915.15,,205.0,1.6
EXP250013,喜瑞都,玻璃酒瓶,530*380*335,2450.0,0.5,1225.0,,6533.4,徐州玻璃瓶,1672.0,9.72
EXP250013,喜瑞都,玻璃马赛克,1000*1000*700,100.0,22.0,2200.0,CG2500044,13200,,800.0,0.7
EXP250013,喜瑞都,瓷砖,600*1200*30,36.0,35.0,1260.0,单独购买,7400.00,黎总,955.0,0.54
EXP250013,喜瑞都,自助餐台,2149*1150*1100,3.0,7450.0,22350.0,,144300,何总布菲传奇,1580.0,17.3
EXP250013,喜瑞都,自助餐台,2654*1160*1100,3.0,5550.0,16650.0,,144300,何总布菲传奇,1580.0,17.3
EXP250013,喜瑞都,金属蜂窝板,1220*1440*60,60.0,80.0,4800.0,,14452.20,,440.0,1.366
EXP250014,圣荷西,地膜,1160*310,35.0,10.0,350.0,CG2500062,2021.25,淘宝,131.25,3.06
EXP250014,圣荷西,新型无烟火锅,650*580*450,10.0,370.0,3700.0,CG2500061,21725,叶总,240.0,1.7
EXP250014,圣荷西,烤盘,340*340*220,300.0,13.0,3900.0,CG2500060,23100,叶总,222.0,0.45
EXP250014,圣荷西,瓷砖,600*1200*20,705.0,12.0,8460.0,CG2500070,8400,黎总,3200.0,2.3
EXP250014,圣荷西,电烤炉,612*494*270,5.0,170.0,850.0,CG2500061,5005,叶总,57.5,0.4
EXP250014,圣荷西,电磁炉,520*465*290,100.0,28.0,2800.0,单独购买,16500,叶总,140.0,0.7
EXP250014,圣荷西,餐桌,880*650*760,49.0,805.0,39445.0,,195080.00,叶总,3446.0,45.0
EXP250015,圣荷西,不锈钢圈,250*250*200,300.0,4.0,1200.0,CG2500062,6930.00,叶总,90.0,0.08
EXP250015,圣荷西,新型无烟火锅,650*580*450,10.0,360.0,3600.0,,20812.00,叶总,240.0,1.7
EXP250015,圣荷西,瓷砖,800*800*40,364.8,12.7,4633.0,,27057.22,黎总,8700.0,4.864
EXP250015,圣荷西,瓷砖,308*308*30,300.0,10.0,3000.0,,27057.22,黎总,8700.0,4.864
EXP250015,圣荷西,电烤炉,612*494*270,10.0,170.0,1700.0,,10010.00,叶总,115.0,0.8
EXP250015,圣荷西,金属蜂窝板,2030*1240*360,22.0,80.0,1760.0,CG2500052,10256,新厂家,340.0,0.968
EXP250015,圣荷西,铁艺屏风,2770*2438*340,3.0,3800.0,11400.0,,66541.19,泉州林总,1487.0,26.61
EXP250015,圣荷西,锅具,430*650*700,480.0,4.0,1920.0,CG2500050,10080,新,200.0,1.565
EXP250015,圣荷西,餐桌,880*650*760,8.0,815.0,6520.0,,38065,叶总,839.0,12.02
EXP250015,圣荷西,餐盘,445*445*420,9000.0,1.7,15300.0,,88850,王总定制,2443.52,6.027
EXP250016,圣荷西,切菜机,560*425*630,1.0,500.0,500.0,CG2500058,2825.00,物流,28.0,0.15
EXP250016,圣荷西,回转火锅传送设备,1840*600*910,3.0,9100.0,27300.0,,159288,涂经理,2954.0,9.385
EXP250016,圣荷西,地弹簧门,3110*710*1420,2.0,2390.0,4780.0,CG2500053,27835.00,山东运输玻璃门,1200.0,3.14
EXP250016,圣荷西,搅拌机,1164*1164*1074,1.0,700.0,700.0,CG2500074,4068.00,物流,122.7,1.455
EXP250016,圣荷西,椅子,650*600*570,24.0,65.0,1560.0,CG2500046,8725,外运输,231.0,5.335
EXP250016,圣荷西,玻璃瓶,530*380*335,5250.0,0.5,2625.0,,,,,
EXP250016,圣荷西,瓷砖,800*800*5,672.0,12.75,8568.0,,49842.25,黎总,15403.5,8.96
EXP250016,圣荷西,铁艺屏风,2770*2438*340,1.0,3800.0,3800.0,,22180,泉州林总,654.0,11.71
EXP250017,圣荷西,不锈钢操作台,1250*350*320,32.0,165.0,5280.0,CG2500054,30260.00,,1216.7,7.326
EXP250017,圣荷西,五金桌脚,440*440*390,190.0,27.0,5130.0,CG2500040,29020,,2425.65,3.111
EXP250019,Burbank,亚克力板,2200*1400,13.0,35.0,455.0,CG2500051,2537.00,,39.0,0.08
EXP250019,Burbank,亚克力板,2200*1400,22.0,35.0,770.0,CG2500051,2537.00,,39.0,0.08
EXP250019,Westminster,亚克力板,2200*1400,13.0,40.0,520.0,CG2500051,2537.00,,39.0,0.08
EXP250019,Westminster,亚克力板,2200*1400,22.0,40.0,880.0,CG2500051,2537.00,,39.0,0.08
EXP250019,Burbank,切菜机,560*425*630,1.0,500.0,500.0,CG2500058,2825.00,,28.0,0.15
EXP250019,Westminster,切菜机,560*425*630,1.0,550.0,550.0,CG2500058,2825.00,,28.0,0.15
EXP250019,Burbank,地膜,1160*310,15.0,10.0,150.0,,866.25,淘宝,56.25,1.311
EXP250019,Westminster,地膜,1160*310,15.0,10.0,150.0,,866.25,淘宝,56.25,1.311
EXP250019,Burbank,椅子,490*490*960,8.0,120.0,960.0,CG2500047,5288.40,厂家定制,78.0,1.844
EXP250019,Westminster,椅子,490*490*960,8.0,125.0,1000.0,CG2500047,5288.40,厂家定制,78.0,1.844
EXP250019,Burbank,焊机,350*450*340,1.0,200.0,200.0,CG2500084,1135.00,大汉焊接,11.0,0.053
EXP250019,Westminster,焊机,350*450*340,1.0,250.0,250.0,CG2500084,1135.00,大汉焊接,11.0,0.053
EXP250019,Burbank,燃气煮面炉连柜座,800*900*850,1.0,1100.0,1100.0,CG2500083,5940.00,广州的,95.0,0.94
EXP250019,Westminster,燃气煮面炉连柜座,800*900*850,1.0,1150.0,1150.0,CG2500083,5940.00,广州的,95.0,0.94
EXP250019,Burbank,瓷砖,600*1200*20,201.6,10.0,2016.0,,11161.00,黎总,2825.0,1.929
EXP250019,Burbank,瓷砖,800*800*40,501.12,13.0,6514.6,,11161.00,黎总,2825.0,1.929
EXP250019,Westminster,瓷砖,600*1200*20,129.6,15.0,1944.0,,11161.00,黎总,2825.0,1.929
EXP250019,Westminster,瓷砖,800*800*40,501.12,15.0,7516.8,,11161.00,黎总,2825.0,1.929
EXP250019,Burbank,置物架,1213*457*1800,220.0,100.0,22000.0,CG2500068,104635.60,,3833.1,18.0
EXP250019,Westminster,置物架,1213*457*1800,220.0,100.0,22000.0,CG2500068,104635.60,,3833.1,18.0
EXP250019,Burbank,酒架,1310*190*360,2.0,1600.0,3200.0,CG2500037,18020.00,亚克力定制,566.6,12.124
EXP250019,Westminster,酒架,1310*190*360,2.0,2000.0,4000.0,CG2500037,18020.00,亚克力定制,566.6,12.124
EXP250019,Burbank,隔断,1681*2674,1.0,1200.0,1200.0,CG2500066,6600.00,,450.0,2.05
EXP250019,Westminster,隔断,1681*2674,1.0,1200.0,1200.0,CG2500066,6600.00,,450.0,2.05
EXP250020,米尔皮塔,人造石英石板材,3200*600*20,325.1,62.0,20156.2,CG2500064,107273.28,新兴石材,2000.0,6.475
EXP250020,米尔皮塔,大理石材,2466*730*1190,37.0,100.0,3700.0,,16094.00,阿宗,820.0,5.0
EXP250020,米尔皮塔,椅子,790*680*560,100.0,35.0,3500.0,CG2500078,18000.00,廊坊秀儿商贸,775.0,11.3
EXP250021,米尔皮塔,LED吊灯,510*510*810,29.0,100.0,2900.0,,13320.0,深圳陈小姐,320.0,7.9
EXP250021,米尔皮塔,LED显示屏,830*680*1570,1.0,6500.0,6500.0,CG2500085,33218.7,深圳杨总,252.0,1.135
EXP250021,米尔皮塔,人造石英石台面,1360*745*1075,229.7,110.0,25267.0,CG2500093,126335.0,淘宝店家,6155.0,8.785
EXP250021,米尔皮塔,仿真植物花墙,2100*1100*400,26.8,100.0,2680.0,CG2500086,7585.0,广东厂家,40.0,5.544
EXP250021,米尔皮塔,焊机,350*450*340,1.0,300.0,300.0,CG2500084,1135.0,大汉焊接,11.0,0.053
EXP250021,米尔皮塔,燃气煮面炉连柜座,800*900*850,2.0,1300.0,2600.0,CG2500083,11880.0,广州的,190.0,1.88
EXP250021,米尔皮塔,瓷砖,60*300*20,100.0,40.0,4000.0,CG2500081,20000.0,黎总,1500.0,1.3
EXP250021,米尔皮塔,瓷砖,600*1200*20,74.88,15.0,1123.2,CG2500081,20000.0,黎总,1500.0,1.3
EXP250021,米尔皮塔,瓷砖,3200*1600*9,467.84,25.0,11696.0,CG2500081,20000.0,黎总,1500.0,1.3
EXP250021,米尔皮塔,瓷砖,600*1200*20,201.6,15.0,3024.0,CG2500081,20000.0,黎总,1500.0,1.3
EXP250022,Burbank,亚克力板,1220*2440*3,14.0,40.0,560.0,CG2500097,2954.00,,135.0,0.56
EXP250022,Burbank,人造石英石制品,3200*1600*20,359.5,60.0,21570.0,CG2500056,118626.25,新兴石材,2200.0,6.0
EXP250022,Burbank,椅子,790*680*560,150.0,34.0,5100.0,CG2500078,27000.00,廊坊秀儿商贸,1162.5,16.95
EXP250022,Burbank,烧烤网,345r,5000.0,0.25,1250.0,CG2500089,3900.00,淘宝,362.5,1.33
EXP250022,Burbank,玻璃瓶,530*380*335,1300.0,0.5,650.0,,3466.60,徐州玻璃瓶,1672.0,9.72
EXP250022,Burbank,自助餐台,2654*1160*1100,3.0,17500.0,52500.0,,335643.00,何总布菲传奇,3800.0,34.0
EXP250022,Burbank,餐边柜,1720*580*1220,2.0,340.0,680.0,CG2500091,3616.00,玮杰,100.0,2.43
EXP250023,圣荷西2115,LED吊灯,510*510*810,41.0,130.0,5330.0,,27880.00,深圳陈小姐,878.8,23.7
EXP250023,圣荷西2115,不锈钢门,1200*1240*3040,11.0,1500.0,16500.0,CG2500048,88950.00,郭总,1999.0,15.133
EXP250023,圣荷西2115,人造石英石制品,3200*1600*20,251.0,50.0,12550.0,CG2500082,75300.80,新兴石材,750.0,4.5
EXP250023,圣荷西2115,大理石材,1960*730*920,15.0,450.0,6750.0,CG2500033，71,42000.00,阿宗,3000.0,7.066
EXP250023,圣荷西2115,陶瓷盘,410*270*270,1000.0,0.5,500.0,CG2500100,2250.00,,127.5,0.149
EXP250023,圣荷西2115,餐盘,445*445*420,6000.0,1.0,6000.0,CG2500076,29700.00,王总定制,1995.5,6.137
EXP250024,圣荷西2115,不锈钢门,1500*1250*2550,10.0,1000.0,10000.0,CG2500063,53650.00,郭总,1463.0,11.35
EXP250024,圣荷西2115,不锈钢餐具,300*250*150,12000.0,0.4,4800.0,CG2500105,21570.00,,715.4,0.21
EXP250024,圣荷西2115,冷冻肉切片机,1100*800*1650,1.0,3600.0,3600.0,,19000.00,南常,240.0,1.45
EXP250024,圣荷西2115,密胺餐具,484*484*225,12260.0,2.5,30650.0,CG2500107,178500.00,台德,3797.5,13.38
EXP250024,圣荷西2115,机柜,1705*868*950,8.0,150.0,1200.0,CG2500098,6400.00,,400.0,3.83
EXP250024,圣荷西2115,玻璃碗,570*330*585,100.0,3.0,300.0,CG2500099,1400.00,,135.0,1.4
EXP250024,圣荷西2115,酒架,1520*370*1420,2.0,550.0,1100.0,CG2500095,5852.76,酒架定制,222.8,4.02
EXP250024,圣荷西2115,金属蜂窝板,2410*1510*510,66.5,100.0,6650.0,CG2500096,30900.00,蔡,510.0,1.99
EXP250024,圣荷西2115,铁艺屏风,2320*1200*500,4.0,700.0,2800.0,CG2500109,12163.00,泉州林总,516.0,6.65
EXP250024,圣荷西2115,陶瓷炖盅,460*360*420,1000.0,1.5,1500.0,CG2500106,9200.00,,480.0,1.39
EXP250024,圣荷西2115,餐具,300*300*350,200.0,2.0,400.0,CG2500104,1900.00,,22.3,0.03
EXP250024,圣荷西2115,餐盘,484*484*225,4000.0,1.5,6000.0,CG2500108,28800.00,王总,1032.9,2.06
EXP250025,Burbank,不锈钢护栏,1220*240*300,10.3,280.0,2884.0,CG2500116,14025.50,佛山,397.4,0.816
EXP250025,Burbank,不锈钢操作台,1550*350*180,32.0,180.0,5760.0,CG2500054,30260.00,,1102.8,6.653
EXP250025,Burbank,五金桌脚,550*180*100,128.0,35.0,4480.0,CG2500079,21104.00,,1760.3,2.52
EXP250025,Burbank,亚克力板,1220*2440*3,36.0,40.0,1440.0,CG2500092,6876.00,,283.0,0.68
EXP250025,Burbank,仿真植物花墙,2100*1100*400,21.3,90.0,1917.0,CG2500090,10428.00,广东厂家,14.0,2.54
EXP250025,Burbank,冷冻肉切片机,1100*800*1700,1.0,3600.0,3600.0,,19000.00,南常,240.0,1.452
EXP250025,Burbank,大理石材,1860*630*440,23.0,1100.0,25300.0,,153577.00,阿宗,8280.0,12.952
EXP250025,Burbank,机柜,1168*868*950,6.0,150.0,900.0,CG2500098,4800.00,,300.0,2.889
EXP250025,Burbank,椅子,790*680*560,90.0,35.0,3150.0,CG2500078,16200.00,廊坊秀儿商贸,697.5,10.17
EXP250025,Burbank,椅子,950*480*480,20.0,85.0,1700.0,CG2500078,16200.00,廊坊秀儿商贸,697.5,10.17
EXP250025,Burbank,灯带,165*155*125,1.0,900.0,900.0,CG2500103,4768.50,淘宝,17.5,0.01
EXP250025,Burbank,烤盘,380*380*160,500.0,16.0,8000.0,CG2500113,40000.00,叶总,690.0,0.5
EXP250025,Burbank,瓷砖,600*1200*20,181.44,10.0,1814.4,CG2500069,11700.00,黎总,4120.0,3.0
EXP250025,Burbank,瓷砖,600*1200*20,72.0,15.0,1080.0,CG2500069,11700.00,黎总,4120.0,3.0
EXP250025,Burbank,酒架,1850*480*1210,1.0,1400.0,1400.0,CG2500111,7128.00,泉州定制,232.0,5.567
EXP250025,Burbank,金属蜂窝板,2410*1510*510,29.68,100.0,2968.0,CG2500096,13830.00,蔡,270.0,1.198
EXP250025,Burbank,铁艺屏风,2320*2438,1.0,3700.0,3700.0,CG2500077,19381.71,泉州林总,783.0,5.7
EXP250025,Burbank,餐盘,484*484*225,3000.0,1.5,4500.0,CG2500108,21600.00,王总,892.49,1.74
EXP250026,米尔皮塔,人造石英石制品,3200*1600*20,225.0,60.0,13500.0,单独购买,74122.75,新兴石材,480.0,2.4
EXP250026,米尔皮塔,自助餐台,2654*1160*1100,2.0,11000.0,22000.0,,129950.00,何总布菲传奇,2890.0,16.5
EXP250027,米尔皮塔&圣荷西2115,LED显示屏,1330*1050*1290,1.0,12000.0,12000.0,CG2500119,63251.08,深圳杨总,470.0,2.26
EXP250027,米尔皮塔&圣荷西2115,不锈钢护栏,1220*240*300,1.4,250.0,350.0,补充,1875.29,佛山,90.2,0.164
EXP250027,米尔皮塔&圣荷西2115,不锈钢桶,630*560*1220,10.0,90.0,900.0,CG2500101,4683.50,,141.65,1.32
EXP250027,米尔皮塔&圣荷西2115,亚克力板,2500*1300*490,27.0,150.0,4050.0,CG2500125,23505.00,亚克力,1073.0,1.6
EXP250027,米尔皮塔&圣荷西2115,人造石英石制品,3200*1600*20,110.0,60.0,6600.0,补充,34100.00,新兴石材,900.0,2.05
EXP250027,米尔皮塔&圣荷西2115,大理石材,2270*530*950,25.0,440.0,11000.0,单独,65768.00,振宗,1050.0,6.7
EXP250027,米尔皮塔&圣荷西2115,小型饭团机,690*450*695,2.0,7000.0,14000.0,乙方合同,76591.40,宜拓,64.0,0.26
EXP250027,米尔皮塔&圣荷西2115,椅子,480*480*950,20.0,80.0,1600.0,CG2500112,8600.00,廊坊秀儿商贸,232.0,4.38
EXP250027,米尔皮塔&圣荷西2115,椅子,790*680*560,164.0,30.0,4920.0,CG2500112,8600.00,廊坊秀儿商贸,232.0,4.38
EXP250027,米尔皮塔&圣荷西2115,瓷砖,600*1200*20,75.0,36.48,2736.0,补充条款,15000.00,黎总,900.0,0.4
EXP250027,米尔皮塔&圣荷西2115,窗帘,1930*210*210,66.0,50.0,3300.0,CG2500117,12101.00,新厂家窗帘,128.5,0.66
EXP250027,米尔皮塔&圣荷西2115,长方盘,570*345*350,2564.0,2.0,5128.0,CG2500120,27109.60,台德,431.99,0.34
EXP250027,米尔皮塔&圣荷西2115,餐盘,600*370*470,240.0,12.0,2880.0,CG2500122,15240.00,王总,312.0,2.14
EXP250027,米尔皮塔&圣荷西2115,餐边柜,635*1780*1340,2.0,400.0,800.0,CG2500094,4068.00,上海定制,226.8,3.03
EXP250028,圣荷西625,LED显示屏,2510*380*370,1.0,6000.0,6000.0,CG2500128,32516.95,深圳杨总,260.0,1.4
EXP250028,圣荷西625,不锈钢门,2480*1160*720,2.0,400.0,800.0,单独购买,5000.00,郭总,210.0,2.07
EXP250028,圣荷西625,亚克力板,1220*2440*3,92.0,35.0,3220.0,CG2500114,19232.00,,814.0,2.0
EXP250028,圣荷西625,人造石英石制品,3200*1600*20,162.5,50.0,8125.0,CG2500072,48750.00,新兴石材,300.0,2.0
EXP250028,圣荷西625,吊灯,600*600*400,7.0,200.0,1400.0,CG2500127,7718.00,,106.7,0.46
EXP250028,圣荷西625,壁炉,2580*300*230,6.0,400.0,2400.0,CG2500121,15290.00,,234.0,0.88
EXP250028,圣荷西625,椅子,790*680*560,136.0,65.0,8840.0,CG2500118,52500.00,廊坊秀儿商贸,1020.0,15.23
EXP250028,圣荷西625,灯具,700*800*900,180.0,12.0,2160.0,CG2500126,14185.00,,197.0,1.31
EXP250028,圣荷西625,灯带,300*300*350,2.0,800.0,1600.0,CG2500115,9229.00,,37.3,0.38
EXP250028,圣荷西625,自助餐台,2654*1160*1100,2.0,5300.0,10600.0,延续合同,64749.00,何总布菲传奇,1145.0,6.1
EXP250028,圣荷西625,酒架,2360*370*1130,1.0,1500.0,1500.0,CG2500129,8145.00,泉州定制,295.5,5.46
EXP250028,圣荷西625,铁艺屏风,2480*1350*1180,2.0,4800.0,9600.0,CG2500057,51980.19,泉州林总,1386.0,10.7
EXP250028,圣荷西625,铁艺屏风,2330*1350*1180,2.0,4800.0,9600.0,CG2500057,51980.19,泉州林总,1386.0,10.7
EXP250028,圣荷西625,长方盘,570*345*350,536.0,4.5,2412.0,CG2500120,11500.40,台德,221.75,0.9
EXP250028,圣荷西625,餐盘,460*460*340,1500.0,0.9,1350.0,CG2500122,6870.00,王总,164.0,0.64
