合同号,发货店铺,商品名称,HS编码,规格,箱数,毛重kg,净重kg,体积cbm,数量,单位,采购金额RMB
EXP2400001,,传送带,4010110000,1380*680*910,5.0,470.0,395.0,4.25,0,,
EXP2400001,,传送带,4010110000,1380*680*910,5.0,290.0,250.0,4.25,0,,
EXP2400001,,传送带,4010110000,2290*680*910,2.0,148.0,120.0,2.84,0,,
EXP2400001,,传送带,4010110000,1320*680*910,3.0,105.0,81.0,2.46,0,,
EXP2400001,,传送带,4010110000,2120*680*910,19.0,1235.0,969.0,24.89,0,,
EXP2400001,,钢化玻璃,7006000090,680*250*380,3.0,189.0,142.0,0.18,0,,
EXP2400001,,钢化玻璃,7006000090,1080*300*680,11.0,814.0,647.0,2.42,0,,
EXP2400001,,钢化玻璃,7006000090,1360*270*710,2.0,122.0,75.0,0.52,0,,
EXP2400001,,钢化玻璃,7006000090,1510*280*370,6.0,552.0,433.0,0.9,0,,
EXP2400001,,支撑柱,7326901900,820*470*480,3.0,129.0,88.0,0.54,0,,
EXP2400001,,电磁炉,8516601000,520*465*290,4.0,52.0,48.0,0.28,0,,
EXP2400001,,电磁炉,8516601000,520*465*290,4.0,52.0,48.0,0.28,0,,
EXP2400001,,电磁炉,8516601000,520*465*290,2.0,26.0,24.0,0.14,0,,
EXP2400001,,电烤炉,7321190000,612*497*270,50.0,575.0,500.0,4.0,0,,
EXP2400001,,烤盘,7323920000,（34*34*20）*2件，49*36*38,3.0,57.0,51.0,0.12,0,,
EXP2400001,,接油盘,8466940090,520*465*350,4.0,25.0,19.0,0.33,0,,
EXP2400001,,不锈钢圈,7325991000,370*370*210,2.0,60.0,56.0,0.06,0,,
EXP2400001,,非金属矿物制品*瓷砖,6907219000,800*800,122.0,5484.0,5124.0,3.22596153846154,0,,
EXP2400001,,非金属矿物制品*瓷砖,6907219000,600*1200,2.0,72.0,64.0,0.052,0,,
EXP2400002,,电磁炉,8516601000,520×465×290,10.0,140.0,130.0,0.7,0,,
EXP2400002,,电烤炉,8516609000,612×497×270,50.0,600.0,575.0,4.0,0,,
EXP2400002,,烤盘,7323920000,501×338×228,2.0,38.0,35.5,0.12,0,,
EXP2400002,,不锈钢圈,7323930000,370×370×210,3.0,40.0,36.0,0.78,0,,
EXP2400002,,瓷砖,6907219000,800×800,293.0,13200.0,13070.0,9.5,0,,
EXP2400002,,铁艺屏风,8306299000,257×41×130,27.0,1625.0,1500.0,27.76,0,,
EXP2400003,,回转火锅传送设备,8428391000,2120×685×920,37.0,2923.8,2646.0,37.67,4.0,台,
EXP2400003,,玻璃酒瓶,7010902000,501×338×228,43.0,787.5,750.0,3.6,750.0,千克,
EXP2400003,,铁艺屏风,8306299000,257×41×130,18.0,1150.0,1100.0,20.19,1100.0,千克,
EXP2400003,,瓷砖,6907219000,800×800×2,247.0,10860.0,9880.0,4.74,474.24,平方米,
EXP2400003,,瓷砖,6907219000,600X1200×2,175.0,6300.0,5950.0,4.5,252.0,平方米,
EXP2400004,,回转火锅传送设备,8428391000,2480×350×480,8.0,3195.0,3000.0,7.41,3.0,台,
EXP2400004,,玻璃酒瓶,7010902000,501×338×228,71.0,1312.5,1050.0,6.0,1050.0,千克,
EXP2400004,,铁艺屏风,8306299000,257×41×130,7.0,460.0,450.0,5.85,450.0,千克,
EXP2400004,,瓷砖,6907219000,800×800×2,293.0,12892.0,11720.0,7.6,562.56,平方米,
EXP2400004,,瓷砖,6907219000,60X300×56,200.0,3600.0,3500.0,5.0,200.0,平方米,
EXP2400004,,铸铝门,7610100000,965X2057×210,1.0,268.0,260.0,1.073,260.0,千克,
EXP2400004,,不锈钢桌面,9403200000,1220X810×20,2.0,650.0,630.0,4.0,45.0,件,
EXP2400004,,PU石皮大板,3920999090,310X105×27,2.0,123.0,100.0,1.53,100.0,千克,
EXP2400005,,密胺餐盘,3924100000,53*53*28,8.0,147.9,145.4,0.5,145.4,千克,
EXP2400006,,密胺餐盘,3924100000,53*53*28,8.0,125.0,110.0,0.42,110.0,千克,
EXP2400007,,瓷砖,6907219000,0.8*0.8*0.4,360.0,15840.0,15048.0,22.0,691.2,平方米,54820.8
EXP2400007,,瓷砖,6907219000,0.6*1.2*0.3,114.0,3648.0,3465.6,5.0,164.16,平方米,54820.8
EXP2400007,,瓷砖,6907219000,0.6*1.2*0.3,35.0,1330.0,1263.5,1.5,50.4,平方米,54820.8
EXP2400007,,铝合金提箱,4202190000,0.57*0.455*0.82,1.0,25.28,12.816,0.212,6.0,个,
EXP2500001,,瓷砖,6907219000,0.8*0.8*0.04,170.0,7500.0,7446.0,4.45,326.4,平方米,
EXP2500001,,冷冻肉切片机,8438500000,1.1*0.8*1.7,2.0,490.0,440.0,3.0,2.0,台,
EXP2500002,,餐桌,9403200000,110*83*222,78.0,3034.0,2914.0,40.18,46.0,件,
EXP2500002,,电磁炉,8516601000,52*46.5*29,4.0,52.0,50.4,0.28,40.0,个,
EXP2500002,,电烤炉,8516609000,61.2*49.7*27,40.0,460.0,448.0,3.2,40.0,个,
EXP2500002,,不锈钢圈,7323930000,30*30*35,1.0,20.0,19.6,0.03,50.0,个,
EXP2500002,,瓷砖,6907219000,800*800,402.0,17688.0,16884.0,10.5,771.84,平方米,
EXP2500002,,瓷砖,6907219000,30*30*11,150.0,3800.0,3675.0,2.2,300.0,平方米,
EXP2500003,,餐桌,9403200000,128*64*75,77.0,2787.0,2724.5,38.86,46.0,件,201780.00
EXP2500003,,电磁炉,8516601000,52*46.5*29,3.0,39.0,31.5,0.21,30.0,个,4950.00
EXP2500003,,汤锅,7323990000,70*46*70,11.0,238.0,231.5,1.1,850.0,个,20250.00
EXP2500003,,接油盘,7323990000,630*360*405,9.0,66.0,64.0,0.76,50.0,个,6600.00
EXP2500003,,烤盘,7323920000,30*30*11,15.0,435.0,432.0,0.3,300.0,个,23100.00
EXP2500003,,新型无烟火锅,8516609000,625*385*530,50.0,1200.0,1100.0,8.5,50.0,台,92500.00
EXP2500003,,不锈钢桶,7310100090,60*60,2.0,62.9,58.0,0.718,11.0,个,1545.00
EXP2500003,,减速电机,8501510090,300*120,3.0,109.5,100.0,0.16,2.0,台,7596.00
EXP2500003,,瓷砖,6907219000,600*1200,150.0,5000.0,4950.0,10.5,300.0,平方米,16995.00
EXP2500004,,不锈钢门,7308300000,1250*950*2560,3.0,1003.0,903.0,8.1033,5.0,套,25654
EXP2500004,,酒架,7326909000,2800*1350*35,5.0,300.0,295.5,5.844,1.0,件,
EXP2500004,,吊灯,9405110000,980*660*660,34.0,416.4,330.1,9.67,34.0,个,
EXP2500004,,屏风,9403200000,1230*520*900,26.0,1680.0,1470.0,10.24,1470.0,千克,
EXP2500004,,LED模组,8531200000,5260*240*2540,2.0,265.0,203.0,1.21,2.0,个,
EXP2500004,,大理石材,6802911000,2800*1067*150,15.0,5820.0,5320.0,19.218,60.0,件,198652.4
EXP2500005,圣荷西,瓷砖,6907219000,800*800,400.0,17600.0,17500.0,10.45,768.0,平方米,
EXP2500005,圣荷西,铝合金提箱,4202190000,755*630*475,1.0,22.0,17.84,0.158,8.0,个,
EXP2500005,圣荷西,铁艺屏风,8306299000,2780*440*1190,19.0,1256.0,1208.0,21.9,1208.0,千克,
EXP2500006,安纳汉姆,瓷砖,6907219000,398*140,75.0,1550.0,1500.0,1.502,100.0,平方米,
EXP2500006,安纳汉姆,铝合金提箱,4202190000,990*750*850,26.0,71.5,57.98,0.512,26.0,个,
EXP2500006,安纳汉姆,餐桌,9403200000,1372*1067,7.0,214.0,200.0,3.22,6.0,件,
EXP2500007,安纳汉姆,釉面砖,6907219000,135*333,80.0,1300.0,1280.0,1.1,70.0,平方米,
EXP2500007,安纳汉姆,大理石材,6802911000,2743*1017,23.0,7489.5,7160.5,23.4892,67.0,件,
EXP2500007,安纳汉姆,铁艺屏风,8306299000,2372*1220,24.0,1665.0,1480.0,29.33,1480.0,千克,
EXP2500007,安纳汉姆,不锈钢门,7308300000,2400*1180,1.0,684.0,630.0,4.04,2.0,套,
EXP2500008,圣荷西,瓷砖,6907219000,800*800,290.0,12760.0,12687.5,7.57625,556.8,平方米,
EXP2500009,喜瑞都,玻璃护栏,7610900000,900*420*270,7.0,488.8,468.0,0.712,18.0,米,10191
EXP2500009,喜瑞都,大理石材,6802911000,2320*1067*14,19.0,7973.0,7600.0,22.465,70.0,件,210237.44
EXP2500009,喜瑞都,不锈钢门,7308300000,2400*1180*700,2.0,570.0,530.0,4.53,4.0,套,25183.00
EXP250010,密歇根,密胺餐盘,3924100000,514*514*255,85.0,1995.5,1900.0,6.137,8000.0,个,59200
EXP250010,密歇根,LED吊灯,9405110000,980*660*660,16.0,196.0,155.4,6.83,16.0,个,10556.8
EXP250010,密歇根,屏风,9403200000,1230*520*900,5.0,320.0,280.0,2.88,5.0,件,11832.01
EXP250010,密歇根,不锈钢屏风,9403200000,1170*4050*370,3.0,479.0,300.0,2.265,15.04,平方米,17529.01
EXP250010,密歇根,壁炉,9405429000,2750*630*830,1.0,261.0,201.0,1.438,4.0,个,20679
EXP250010,密歇根,工作服,6103320000,70*30*70,2.0,51.5,50.0,0.21,160.0,件,6328
EXP250010,密歇根,密胺餐盘,3924100000,514*514*255,85.0,1995.5,1900.0,6.137,8000.0,个,59200
EXP250010,密歇根,LED吊灯,9405110000,980*660*660,16.0,196.0,155.4,6.83,16.0,个,10556.8
EXP250010,密歇根,屏风,9403200000,1230*520*900,5.0,320.0,280.0,2.88,5.0,件,11832.01
EXP250010,密歇根,不锈钢屏风,9403200000,1170*4050*370,3.0,479.0,300.0,2.265,15.04,平方米,17529.01
EXP250010,密歇根,壁炉,9405429000,2750*630*830,1.0,261.0,201.0,1.438,4.0,个,20679
EXP250010,密歇根,工作服,6103320000,70*30*70,2.0,51.5,50.0,0.21,160.0,件,6328
EXP250011,安娜汉姆,瓷砖,6907219000,600*1200*10,300.0,10500.0,10400.0,13.26,432.0,平方米,12275.32
EXP250011,安娜汉姆,冷冻肉切片机,8438500000,1100*800*1700,2.0,490.0,440.0,3.0,2.0,台,38000.01
EXP250011,安娜汉姆,地弹簧门,7308300000,4340*590*1330,1.0,500.0,440.0,3.476,1.0,套,7750.01
EXP250011,安娜汉姆,LED显示屏,8531200000,1290*1190*1230,3.0,1037.0,917.0,4.676916,2.0,套,139690.21
EXP250011,安娜汉姆,LED吊灯,9405110000,510*510*810,50.0,612.4,485.5,16.5,50.0,个,27600.01
EXP250011,安娜汉姆,瓷砖,6907219000,800*800*10,71.0,3100.0,3082.25,5.6,136.32,平方米,12275.32
EXP250011,安娜汉姆,人造石英石板材,6810999000,3200*1600*20,1.0,270.0,256.0,0.1024,8.0,平方米,2552.01
EXP250012,喜瑞都,餐盘,,514*515*255,43.0,998.52,990.0,3.119,4000.0,个,25850
EXP250012,喜瑞都,冷冻肉切片机,8438500000,1100*800*1700,2.0,490.0,440.0,3.0,2.0,台,38000.01
EXP250012,喜瑞都,餐桌,9403200000,2445*1076,80.0,2361.0,2259.5,37.01,45.0,件,127120.01
EXP250012,喜瑞都,瓷砖,6907219000,1200*2400,11.0,1452.0,1350.0,3.0,48.96,平方米,5756.01
EXP250012,喜瑞都,锅具,7323930000,430*650*700,12.0,306.0,298.5,2.4077,700.0,个,15500
EXP250012,喜瑞都,不锈钢门,7308300000,1000*580*2480,3.0,1115.0,1005.0,8.75794,8.0,套,35626
EXP250012,喜瑞都,烤盘,7615109000,350*350*65,1.0,5.0,4.64,0.1,5.0,个,400
EXP250013,喜瑞都,自助餐台,8419810000,2149*1150*1100,8.0,1580.0,1221.0,17.3,3.0,套,107922
EXP250013,喜瑞都,自助餐台,8419810000,2654*1160*1100,7.0,1715.0,1424.0,16.4,3.0,套,107922
EXP250013,喜瑞都,LED显示屏,8531200000,1270*1220*1440,2.0,533.0,490.0,2.82,2.0,套,73119
EXP250013,喜瑞都,人造石英石板材,9403892000,3200*1600*20,1.0,2625.0,2620.0,3.35,211.59,平方米,69824.48
EXP250013,喜瑞都,不锈钢屏风,9403200000,2650*660*430,3.0,923.7,666.7,4.53,15.04,平方米,35058
EXP250013,喜瑞都,壁炉,9405429000,2110*600*900,1.0,183.0,168.0,1.1394,6.0,个,18306
EXP250013,喜瑞都,吊灯,9405110000,810*810*520,8.0,59.05,53.0,2.2,8.0,个,16520
EXP250013,喜瑞都,金属蜂窝板,7326909000,1220*1440*60,6.0,860.0,820.0,2.62032,60.0,平方米,13519.80
EXP250013,喜瑞都,玻璃马赛克,7016100000,1000*1000*700,36.0,800.0,790.0,0.7,100.0,平方米,13200
EXP250013,喜瑞都,玻璃酒瓶,7010902000,530*380*335,108.0,1672.0,1600.0,9.72,2450.0,套,6533.4
EXP250013,喜瑞都,瓷砖,6907219000,600*1200*30,24.0,955.0,950.0,0.54,36.0,平方米,7400.00
EXP250013,喜瑞都,仿真植物花墙,6702100000,2100*1100*400,2.0,12.0,11.0,1.848,13.5,平方米,6682
EXP250013,喜瑞都,不锈钢火锅,7323930000,600*400*300,4.0,76.0,70.0,0.704,100.0,个,5439
EXP250013,喜瑞都,椅子,9401719000,600*600*700,12.0,200.0,168.0,2.7,24.0,把,4560.00
EXP250013,喜瑞都,汤桶,7323930000,830*830*930,5.0,205.0,118.0,1.6,20.0,个,3915.15
EXP250014,圣荷西,餐桌,9403200000,880*650*760,105.0,4118.0,3960.0,53.81,49.0,件,195080.00
EXP250014,圣荷西,瓷砖,6907219000,600*1200*20,502.0,16600.0,16300.0,18.7,705.0,平方米,3102
EXP250014,圣荷西,电磁炉,8516601000,520*465*290,10.0,140.0,130.0,0.7,100.0,个,16500
EXP250014,圣荷西,烤盘,7615109000,340*340*220,15.0,222.0,219.0,0.45,300.0,个,23100
EXP250014,圣荷西,电烤炉,8516609000,612*494*270,5.0,57.5,47.5,0.4,5.0,个,5005
EXP250014,圣荷西,新型无烟火锅,8516609000,650*580*450,10.0,240.0,220.0,1.7,10.0,台,21725
EXP250014,圣荷西,地膜,3921909010,1160*310,35.0,131.25,130.0,3.06,35.0,卷,2021.25
EXP250015,圣荷西,瓷砖,6907219000,800*800*40,190.0,8700.0,8400.0,4.864,364.8,平方米,18180.00
EXP250015,圣荷西,瓷砖,6907219000,308*308*30,150.0,3675.0,3600.0,2.2,300.0,平方米,18180.00
EXP250015,圣荷西,铁艺屏风,8306299000,2770*2438*340,25.0,1487.0,1377.0,26.61,3.0,套,66541.19
EXP250015,圣荷西,餐盘,3924100000,445*445*420,94.0,2443.52,2430.0,6.027,9000.0,个,88850
EXP250015,圣荷西,锅具,7323930000,430*650*700,8.0,200.0,196.8,1.5652,480.0,个,10080
EXP250015,圣荷西,金属蜂窝板,7326909000,2030*1240*360,3.0,340.0,320.0,0.968312,22.0,平方米,10256
EXP250015,圣荷西,餐桌,9403200000,880*650*760,16.0,839.0,808.0,12.02,8.0,件,38065
EXP250015,圣荷西,不锈钢圈,7323930000,250*250*200,6.0,90.0,89.0,0.08,300.0,个,6930.00
EXP250015,圣荷西,新型无烟火锅,8516609000,650*580*450,10.0,240.0,220.0,1.7,10.0,台,20812.00
EXP250015,圣荷西,电烤炉,8516609000,612*494*270,10.0,115.0,95.0,0.8,10.0,个,10010.00
EXP250016,圣荷西,瓷砖,6907219000,800*800*5,350.0,15403.5,12700.0,8.96,672.0,平方米,49842.25
EXP250016,圣荷西,铁艺屏风,8306299000,2770*2438*340,11.0,654.0,605.5,11.71,1.0,套,22180
EXP250016,圣荷西,地弹簧门,7308300000,3110*710*1420,1.0,1200.0,1100.0,3.14,2.0,套,27835.00
EXP250016,圣荷西,回转火锅传送设备,8428391000,1840*600*910,8.0,2954.0,2804.0,9.3851,3.0,台,159288
EXP250016,圣荷西,椅子,9401719000,650*600*570,12.0,231.0,204.0,5.3352,24.0,把,8725
EXP250016,圣荷西,玻璃瓶,7010902000,530*380*335,150.0,2750.0,2700.0,15.28,5250.0,套,
EXP250016,圣荷西,切菜机,8438600000,560*425*630,1.0,28.0,26.5,0.14994,1.0,台,2825.00
EXP250016,圣荷西,搅拌机,8509409000,1164*1164*1074,1.0,122.7,83.5,1.455,1.0,台,4068.00
EXP250017,圣荷西,五金桌脚,9403990000,440*440*390,196.0,2425.65,2327.65,3.11092,190.0,套,29020
EXP250017,圣荷西,不锈钢操作台,9403200000,1250*350*320,33.0,1216.7,1079.2,7.326,32.0,台,30260.00
EXP250019,Burbank,椅子,9401719000,490*490*960,8.0,78.0,64.0,1.84397,8.0,把,5288.40
EXP250019,Burbank,酒架,7326909000,1310*190*360,14.0,566.6,540.0,12.124,2.0,套,18020.00
EXP250019,Burbank,亚克力板,,2200*1400,1.0,39.0,38.0,0.08,13.0,张,4218.00
EXP250019,Burbank,亚克力板,,2200*1400,1.0,61.0,60.0,0.135,22.0,张,4218.00
EXP250019,Burbank,地膜,3921909010,1160*310,15.0,56.25,56.0,1.31142857142857,15.0,卷,866.25
EXP250019,Burbank,隔断,,1681*2674,0,0,0,0,1.0,套,6600.00
EXP250019,Burbank,置物架,,1213*457*1800,220.0,7590.5,7370.5,35.63,220.0,套,104635.60
EXP250019,Burbank,瓷砖,6907219000,600*1200*20,140.0,4400.0,4350.0,3.0,201.6,平方米,37168.00
EXP250019,Burbank,切菜机,8438600000,560*425*630,1.0,28.0,26.5,0.14994,1.0,台,2825.00
EXP250019,Burbank,瓷砖,6907219000,800*800*40,261.0,11500.0,11400.0,6.8,501.12,平方米,37168.00
EXP250019,Burbank,焊机,,350*450*340,1.0,11.0,7.0,0.053,1.0,台,1135.00
EXP250019,Burbank,燃气煮面炉连柜座,,800*900*850,1.0,95.0,75.0,0.94,1.0,台,5940.00
EXP250019,Westminster,椅子,9401719000,490*490*960,8.0,78.0,64.0,1.84397,8.0,把,5288.40
EXP250019,Westminster,酒架,7326909000,1310*190*360,14.0,566.6,540.0,12.124,2.0,套,18020.00
EXP250019,Westminster,亚克力板,3920510000,2200*1400,1.0,39.0,38.0,0.08,13.0,张,4218.00
EXP250019,Westminster,亚克力板,3920510000,2200*1400,1.0,61.0,60.0,0.135,22.0,张,4218.00
EXP250019,Westminster,地膜,3920999090,1160*310,15.0,56.25,56.0,1.31142857142857,15.0,卷,866.25
EXP250019,Westminster,隔断,9403200000,1681*2674,1.0,450.0,363.0,2.05,1.0,套,6600.00
EXP250019,Westminster,置物架,9403200000,1213*457*1800,220.0,7590.5,7370.5,35.63,220.0,套,104635.60
EXP250019,Westminster,瓷砖,6907219000,600*1200*20,90.0,2825.0,2790.0,1.929,129.6,平方米,37168.00
EXP250019,Westminster,切菜机,8438600000,560*425*630,1.0,28.0,26.5,0.14994,1.0,台,2825.00
EXP250019,Westminster,瓷砖,6907219000,800*800*40,261.0,11500.0,11400.0,6.8,501.12,平方米,37168.00
EXP250019,Westminster,焊机,8515390000,350*450*340,1.0,11.0,7.0,0.053,1.0,台,1135.00
EXP250019,Westminster,燃气煮面炉连柜座,8419810000,800*900*850,1.0,95.0,75.0,0.94,1.0,台,5940.00
EXP250020,米尔皮塔,大理石材,6802911000,2466*730*1190,3.0,820.0,720.0,5.0,37.0,件,16094.00
EXP250020,米尔皮塔,人造石英石板材,9403892000,3200*600*20,2.0,2000.0,1800.0,6.475,325.1,平方米,
EXP250020,米尔皮塔,椅子,9401719000,790*680*560,50.0,775.0,750.0,11.3,100.0,把,18000.00
EXP250021,米尔皮塔,人造石英石台面,9403892000,1360*745*1075,8.0,6155.0,5812.0,8.78491,229.7,平方米,126335.0
EXP250021,米尔皮塔,LED吊灯,9405110000,510*510*810,29.0,621.6,492.8,16.76,29.0,个,13320.0
EXP250021,米尔皮塔,瓷砖,6907219000,60*300*20,92.0,1500.0,1450.0,1.3,100.0,平方米,16254.0
EXP250021,米尔皮塔,瓷砖,6907219000,600*1200*20,52.0,1638.0,1612.0,1.1232,74.88,平方米,16254.0
EXP250021,米尔皮塔,瓷砖,6907219000,3200*1600*9,52.0,5500.0,5408.0,2.39616,467.84,平方米,16254.0
EXP250021,米尔皮塔,瓷砖,6907219000,600*1200*20,140.0,4600.0,4550.0,3.0,201.6,平方米,16254.0
EXP250021,米尔皮塔,焊机,8515390000,350*450*340,1.0,11.0,7.0,0.053,1.0,台,1135.0
EXP250021,米尔皮塔,燃气煮面炉连柜座,8419810000,800*900*850,2.0,190.0,150.0,1.88,2.0,台,11880.0
EXP250021,米尔皮塔,LED显示屏,8531200000,830*680*1570,2.0,252.0,210.0,1.135,1.0,套,33218.7
EXP250021,米尔皮塔,仿真植物花墙,6702100000,2100*1100*400,6.0,40.0,33.0,5.544,26.8,平方米,6100.0
EXP250022,Burbank,玻璃瓶,7010902000,530*380*335,108.0,1672.0,1600.0,9.72,1300.0,套,3466.60
EXP250022,Burbank,自助餐台,8419810000,2654*1160*1100,38.0,3800.0,3600.0,34.0,3.0,套,335643.00
EXP250022,Burbank,人造石英石制品,9403892000,3200*1600*20,2.0,1200.0,1000.0,6.0,359.5,平方米,118626.25
EXP250022,Burbank,餐边柜,9403200000,1720*580*1220,2.0,100.0,84.0,2.434,2.0,台,3616.00
EXP250022,Burbank,椅子,9401719000,790*680*560,75.0,1162.5,1100.0,16.95,240.0,把,27000.00
EXP250022,Burbank,烧烤网,7323990000,345r,25.0,362.5,350.0,1.334775,5000.0,个,3900.00
EXP250022,Burbank,亚克力板,3920510000,1220*2440*3,1.0,135.0,122.0,0.56,14.0,张,2954.00
EXP250023,圣荷西2115,不锈钢门,7308300000,1200*1240*3040,4.0,1999.0,1700.0,15.133,11.0,套,88950.00
EXP250023,圣荷西2115,大理石材,6802911000,1960*730*920,13.0,3000.0,2700.0,7.066,15.0,件,42000.00
EXP250023,圣荷西2115,人造石英石制品,9403892000,3200*1600*20,2.0,750.0,600.0,4.5,251.0,平方米,75300.80
EXP250023,圣荷西2115,LED吊灯,9405110000,510*510*810,41.0,878.8,696.7,23.7,41.0,个,27880.00
EXP250023,圣荷西2115,餐盘,3924100000,445*445*420,85.0,1995.5,1900.0,6.137,6000.0,个,29700.00
EXP250023,圣荷西2115,陶瓷盘,6911101900,410*270*270,5.0,127.5,120.0,0.149445,1000.0,只,2250.00
EXP250024,圣荷西2115,不锈钢门,7308300000,1500*1250*2550,4.0,1613.0,1450.0,11.346,10.0,套,53650.00
EXP250024,圣荷西2115,酒架,7326909000,1520*370*1420,6.0,222.8,200.0,4.01528,2.0,套,5852.76
EXP250024,圣荷西2115,金属蜂窝板,7326909000,2410*1510*510,3.0,510.0,485.0,1.991461,66.5,平方米,30900.00
EXP250024,圣荷西2115,冷冻肉切片机,8438500000,1100*800*1650,1.0,240.0,220.0,1.452,1.0,台,19000.00
EXP250024,圣荷西2115,机柜,940320000,1705*868*950,3.0,400.0,370.0,3.833,8.0,个,6400.00
EXP250024,圣荷西2115,玻璃碗,7013370000,570*330*585,13.0,135.0,110.0,1.4,100.0,只,1400.00
EXP250024,圣荷西2115,餐具,7323930000,300*300*350,2.0,22.3,21.0,0.0315,200.0,只,1900.00
EXP250024,圣荷西2115,不锈钢餐具,7323930000,300*250*150,19.0,715.4,700.0,0.2135,12000.0,只,21570.00
EXP250024,圣荷西2115,餐盘,3924100000,484*484*225,39.0,1032.9,1000.0,2.06,4000.0,个,28800.00
EXP250024,圣荷西2115,陶瓷炖盅,6911101900,460*360*420,20.0,480.0,440.0,1.39104,1000.0,只,9200.00
EXP250024,圣荷西2115,密胺餐具,3924100000,484*484*225,196.0,3797.5,3705.2,13.38,12260.0,只,178500.00
EXP250024,圣荷西2115,铁艺屏风,8306299000,2320*1200*500,7.0,516.0,428.0,6.6532,4.0,套,12163.00
EXP250025,Burbank,不锈钢操作台,9403200000,1550*350*180,31.0,1102.8,975.8,6.653,32.0,台,30260.00
EXP250025,Burbank,瓷砖,6907219000,600*1200*20,140.0,4600.0,4550.0,3.0,201.6,平方米,7000.00
EXP250025,Burbank,铁艺屏风,8306299000,2320*2438,12.0,783.0,700.0,5.7,1.0,套,19381.71
EXP250025,Burbank,瓷砖,6907219000,600*1200*20,50.0,1575.0,1560.0,1.07,72.0,平方米,7000.00
EXP250025,Burbank,亚克力板,3920510000,1220*2440*3,1.0,283.0,262.0,0.68,36.0,张,6876.00
EXP250025,Burbank,仿真植物花墙,6702100000,2100*1100*400,2.0,14.0,13.0,2.541,21.3,平方米,10428.00
EXP250025,Burbank,金属蜂窝板,7326909000,2410*1510*510,3.0,270.0,245.0,1.198008,29.68,平方米,13830.00
EXP250025,Burbank,冷冻肉切片机,8438500000,1100*800*1700,1.0,240.0,220.0,1.452,1.0,台,19000.00
EXP250025,Burbank,机柜,940320000,1168*868*950,3.0,300.0,270.0,2.889,6.0,个,4800.00
EXP250025,Burbank,灯带,9405429000,165*155*125,2.0,17.5,17.0,0.01,1.0,套,4768.50
EXP250025,Burbank,餐盘,3924100000,484*484*225,33.0,892.49,885.0,1.74,3000.0,个,21600.00
EXP250025,Burbank,椅子,9401719000,790*680*560,45.0,697.5,680.0,10.17,90.0,把,8600.00
EXP250025,Burbank,不锈钢护栏,7308900000,1220*240*300,7.0,488.8,468.0,0.712,10.3,米,14025.50
EXP250025,Burbank,椅子,9401719000,950*480*480,20.0,232.0,230.0,4.3776,20.0,把,8600.00
EXP250025,Burbank,五金桌脚,9403990000,550*180*100,138.0,1760.3,1700.0,2.52,128.0,套,21104.00
EXP250025,Burbank,酒架,7326909000,1850*480*1210,7.0,232.0,220.0,5.56704,1.0,套,7128.00
EXP250025,Burbank,烤盘,7615109000,380*380*160,20.0,690.0,670.0,0.5,500.0,个,40000.00
EXP250025,Burbank,大理石材,6802911000,1860*630*440,13.0,8280.0,8000.0,12.952,23.0,件,153577.00
EXP250026,米尔皮塔,人造石英石制品,9403892000,3200*1600*20,3.0,480.0,450.0,2.4,225.0,平方米,74122.75
EXP250026,米尔皮塔,自助餐台,8419810000,2654*1160*1100,8.0,1580.0,1221.0,16.0,2.0,套,129950.00
EXP250027,米尔皮塔&圣荷西2115,不锈钢桶,7310100090,630*560*1220,3.0,141.65,140.0,1.317708,10.0,个,4683.50
EXP250027,米尔皮塔&圣荷西2115,椅子,9401719000,480*480*950,20.0,232.0,230.0,4.3776,20.0,把,28700.00
EXP250027,米尔皮塔&圣荷西2115,窗帘,6303920000,1930*210*210,12.0,186.0,181.0,0.9038,66.0,套,4397.00
EXP250027,米尔皮塔&圣荷西2115,椅子,9401719000,790*680*560,82.0,1230.0,1200.0,18.368,164.0,把,28700.00
EXP250027,米尔皮塔&圣荷西2115,LED显示屏,8531200000,1330*1050*1290,2.0,470.0,450.0,2.258139,1.0,套,63251.08
EXP250027,米尔皮塔&圣荷西2115,长方盘,3924100000,570*345*350,21.0,431.99,420.0,0.337,2564.0,个,27109.60
EXP250027,米尔皮塔&圣荷西2115,餐盘,3924100000,600*370*470,31.0,312.0,300.0,2.14,240.0,个,15240.00
EXP250027,米尔皮塔&圣荷西2115,不锈钢护栏,7308900000,1220*240*300,2.0,90.2,85.0,0.164,1.4,米,1875.29
EXP250027,米尔皮塔&圣荷西2115,餐边柜,9403200000,635*1780*1340,2.0,226.8,200.0,3.029204,2.0,件,4068.00
EXP250027,米尔皮塔&圣荷西2115,瓷砖,6907219000,600*1200*20,19.0,1000.0,980.0,0.4,75.0,平方米,15000.00
EXP250027,米尔皮塔&圣荷西2115,大理石材,6802911000,2270*530*950,5.0,1050.0,1000.0,6.702,25.0,件,65768.00
EXP250027,米尔皮塔&圣荷西2115,亚克力板,3920510000,2500*1300*490,1.0,1073.0,1052.0,1.6,27.0,张,23505.00
EXP250027,米尔皮塔&圣荷西2115,小型饭团机,8438800000,690*450*695,2.0,64.0,60.0,0.26,2.0,台,76591.40
EXP250027,米尔皮塔&圣荷西2115,人造石英石制品,9403892000,3200*1600*20,2.0,900.0,880.0,2.048,110.0,平方米,34100.00
EXP250028,圣荷西625,自助餐台,8419810000,2654*1160*1100,3.0,1145.0,1000.0,6.1,2.0,套,64749.00
EXP250028,圣荷西625,铁艺屏风,8306299000,2480*1350*1180,26.0,1386.0,1376.0,10.7,2.0,套,49747.98
EXP250028,圣荷西625,人造石英石制品,9403892000,3200*1600*20,2.0,300.0,250.0,2.0,162.5,平方米,48750.00
EXP250028,圣荷西625,铁艺屏风,8306299000,2330*1350*1180,17.0,950.0,820.0,15.34,2.0,套,49747.98
EXP250028,圣荷西625,亚克力板,3920510000,1220*2440*3,2.0,814.0,744.0,1.995,92.0,张,19232.00
EXP250028,圣荷西625,灯带,9405429000,300*300*350,2.0,37.3,35.0,0.37924,2.0,套,9229.00
EXP250028,圣荷西625,壁炉,9405429000,2580*300*230,6.0,234.0,163.0,0.88182,6.0,套,15290.00
EXP250028,圣荷西625,吊灯,9405110000,600*600*400,7.0,0,0,0,7.0,个,7718.00
EXP250028,圣荷西625,灯具,9405110000,700*800*900,7.0,197.0,160.0,1.307,180.0,个,14185.00
EXP250028,圣荷西625,LED显示屏,8531200000,2510*380*370,2.0,260.0,240.0,1.401226,1.0,套,32516.95
EXP250028,圣荷西625,酒架,7326909000,2360*370*1130,8.0,295.5,280.0,5.4576,1.0,套,8145.00
EXP250028,圣荷西625,椅子,9401719000,790*680*560,68.0,1020.0,1000.0,15.232,136.0,把,52500.00
EXP250028,圣荷西625,餐盘,3924100000,460*460*340,9.0,164.0,160.0,0.64,1500.0,个,6870.00
EXP250028,圣荷西625,长方盘,3924100000,570*345*350,14.0,221.75,201.75,0.9013,536.0,个,11500.40
EXP250028,圣荷西625,不锈钢门,7308300000,2480*1160*720,1.0,210.0,180.0,2.071296,2.0,套,5000.00
