供应商名称,商品名称,单位,合同编号
上海宗介酒店设备用品有限公司,餐盘,个,CG2500076
上海宗介酒店设备用品有限公司,满天星吊灯,个,CG2500123
上海宗介酒店设备用品有限公司,密胺餐盘,个,CG2500018
上海鑫诺密胺制品有限公司,密胺餐盘,千克,CG2500004
东莞市台德塑料制品有限公司,密胺餐具,只,CG2500107
东莞市台德塑料制品有限公司,长方盘,个,CG2500120
中山市宸光灯火灯饰厂,灯带,套,CG2500103
中山市寰亚照明电器厂,灯具,180,CG2500126
中山市常胜金属制品有限公司,置物架,套,CG2500068
中山市缘典灯饰有限公司,吊灯,个,CG2500127
中山市翼恒电器有限公司,壁炉,台,CG2500121
中山市赶灯荟灯饰有限公司,吊灯,套,CG2600001
云浮市贝洛斯石英石有限公司,人造石英石台面,平方米,CG2500093
云浮市锦德石业有限公司,大理石板材,个,CG2400022
云浮市锦德石业有限公司,大理石材,件,CG2500030
佛山市企顺建材有限公司,瓷砖,片,CG2500080
佛山市南海区奥亚建材有限公司,瓷砖,平方米,CG2400020
佛山市南海区筑界空间门窗厂（个体工商户）,隔断,平方米,CG2500066
佛山市卡典五金制品有限公司,椅子,把,CG2500047
佛山市嘉米陶建材有限公司,瓷砖,平方米,CG2400028
佛山市圣冠柏金属有限公司,不锈钢护栏,米,CG2500116
佛山市圣冠柏金属有限公司,铝槽玻璃栏杆,件,CG2500009
佛山市振粤陶陶瓷有限公司,瓷砖,平方米,CG2500001
佛山市欧诗缇家具有限公司,椅子,把,CG2500046
佛山市赛鑫建材有限公司,玻璃马赛克,平方米,CG2500044
佛山市铭源金属制品有限公司,水晶屏风,平方米,CG2500038
佛山市铭源金属制品有限公司,不锈钢屏风,平方米,CG2500013
佛山市顺德区小企鹅餐饮设备有限公司,旋风锅清汤款,件,CG2500034
佛山市顺德区小企鹅餐饮设备有限公司,旋风锅鸳鸯款,件,CG2500034
佛山市顺德区盈顺澳电器实业有限公司,接油盘,个,CG2600008
佛山市顺德区盈顺澳电器实业有限公司,电磁炉,个,CG2600003
佛山市顺德区盈顺澳电器实业有限公司,不锈钢圈,个,CG2600003
佛山市顺德区盈顺澳电器实业有限公司,餐桌,件,CG2400024
佛山市顺德区盈顺澳电器实业有限公司,多管道油烟净化器,个,CG2400025
佛山市顺德区盈顺澳电器实业有限公司,电烤炉,个,CG2400025
佛山市顺德区盈顺澳电器实业有限公司,烤盘,个,CG2500113
佛山市顺德区盈顺澳电器实业有限公司,新型无烟火锅,个,CG2500061
佛山市顺德区盈顺澳电器实业有限公司,自销烟,个,CG2500022
佛山市顺德区盈顺澳电器实业有限公司,自销烟排烟管,个,CG2500022
佛山市顺德区粤兴强竹篮厂,竹蒸笼,套,CG2600004
天津金易鑫商贸有限公司,玻璃碗,只,CG2500099
威海品牛烧烤设备有限公司,落地式烤网清洗机,台,CG2600005
安平县天和金属网业有限公司,烤盘,个,CG2600002
安平县隆曦五金丝网制品厂,烧烤网,个,CG2500089
常州大汉焊接设备有限公司,焊机,台,CG2500084
广东东纳窗帘有限公司,窗帘,套,CG2500117
广东合源景观工程有限公司,仿真植物花墙,平方米,CG2500039
广东红泰阳家具有限公司,铸铁一字脚,套,CG2500079
广东红泰阳家具有限公司,铸铁十字托,套,CG2500079
广州互利恒餐饮管理有限公司,不锈钢工作台,台,CG2500054
广州佳和环保建材有限公司,地膜,卷,CG2500062
广州市多美仕厨房设备制造有限公司,燃气煮面炉连柜座,台,CG2500083
广州市格菱装饰工程有限公司,屏风,平方米,CG2500049
广州市灏合食品机械有限公司,回转火锅传送设备,个,CG2400015
广州布菲厨具制造有限公司,自助餐台,套,CG2500020
广州航迪机械设备有限公司,寿司输送机,台,CG2400017
广州航迪机械设备有限公司,电机,台,CG2500005
广州航迪机械设备有限公司,减速电机,套,CG2500124
广州雅竹音响有限公司,音响设备,套,CG2500130
广州高邦装修材料有限公司,卫生间隔板,平方米,CG2500027
广州高邦装饰材料有限公司,金属蜂窝板,平方米,CG2500096
广州高邦装饰材料有限公司,卫生间隔断板,平方,CG2500052
廊坊秀儿商贸有限公司,椅子,把,CG2500078
徐州飞翔玻璃制品有限公司,玻璃瓶,千克,CG2400014
揭阳市梓发五金有限公司,不锈钢餐具,只,CG2500105
泉州市新兴石材工艺有限公司,人造石英石板材,平方米,CG2500072
泉州市艾森家居用品有限公司,餐边柜,台,CG2500073
泉州市艾森家居用品有限公司,铁艺屏风,千克,CG2500007
派跃升（广州）供应链有限公司,餐具,只,CG2500104
深圳市亿扬塑业有限公司,亚克力光面乳白板,张,CG2500097
深圳市亿扬塑业有限公司,亚克力板,张,CG2500114
深圳市亿扬塑业有限公司,亚克力乳白扩散板,张,CG2500051
深圳市亿源生物科技有限公司,灯带,套,CG2500115
深圳市凯康光电科技有限公司,吊灯,个,CG2500043
深圳鑫光汇光电科技有限公司,LED显示屏,套,CG2500085
深圳鑫光汇光电科技有限公司,LED模组,个,CG2500010
潍坊开祥自动门窗有限公司,平开玻璃门,套,CG2500053
潍坊开祥自动门窗有限公司,玻璃地弹门,套,CG2500015
潮州市富雅猴不锈钢有限公司,不锈钢桶,个,CG2500101
潮州市彩塘永利五金厂,不锈钢火锅,个,CG2500036
潮州市陶云瓷业有限公司,陶瓷餐具,个,CG2600006
潮州市雅玉陶瓷有限公司,陶瓷盘,只,CG2500100
潮州市雅玉陶瓷有限公司,陶瓷炖盅,只,CG2500106
瑞安俊轩科技有限公司,壁炉,台,CG2500011
相城区黄桥昇祥金属制品店,机柜,14,CG2500098
福建泉州鼎联工艺品有限公司,铁艺屏风,套,CG2500077
福建泉州鼎联工艺品有限公司,铁艺酒架,千克,CG2400019
福建源茂文化创意有限公司,仿真绿植花墙,平方米,CG2500090
福建省安溪德荣家居用品有限公司,酒架,套,CG2500094
福建裕豪门业有限公司,喜瑞单开包厢门,千克,CG2500002
福建裕豪门业有限公司,喜瑞卫生间门,千克,CG2500002
福建裕豪门业有限公司,喜瑞单开厨房门,千克,CG2500002
福建裕豪门业有限公司,喜瑞双开厨房门,千克,CG2500002
福建裕豪门业有限公司,阿纳海姆单开门,千克,CG2500002
福建裕豪门业有限公司,阿纳海姆卫生间门,千克,CG2500002
福建裕豪门业有限公司,备用包厢门,千克,CG2500002
福建裕豪门业有限公司,不锈钢桌面,件,CG2400021
福建裕豪门业有限公司,不锈钢门,套,CG2500065
福建裕豪门业有限公司,单开包厢门,套,CG2500063
福建裕豪门业有限公司,卫生间门,套,CG2500063
禹城祥牧农牧机械有限公司,搅拌机,台,CG2500074
邢台市泽来鑫机械厂,切菜机,2,CG2500058
