商品名称,HS编码,申报要素,单位
传送带,4010110000,0|0|传菜用途|长条回转带|304不锈钢、4*4角铁|无品牌|宽度600型,千克
钢化玻璃,7007190000,0|0|防尘用途|钢化|无品牌|,千克
支撑柱,7308900000,0|0|支撑用|304不锈钢|支撑柱|,千克
电磁炉,8516601000,0|0|餐厅加热食品用|电磁炉应用电磁感应原理对食品进行加热。炉面是耐热陶瓷板，交变电流通过陶瓷板下方的线圈产生磁场，磁场内的磁力线穿过铁锅、不锈钢等底部时，产生涡流，令锅底迅速发热，达到加热食品的目的。|无品牌|H6,个
电烤炉,8516609000,0|0|餐厅加热食品用|烧烤炉采用红外线发热技术原理，经炉盘的镍铬丝进行发热产生热量，在产生热量的时候会发出红外线。这种技术使得电陶炉加热速度加快，产热过程中健康、安全、无危害身体健康。|无品牌|DT18,个
烤盘,7615109000,0|0|餐桌用|铝合金|烤盘|,个
接油盘,7323990000,0|0|餐桌用|不锈钢|接油盘|无品牌|,个
不锈钢圈,7323930000,0|0|厨房用|不锈钢|盖子|无品牌|,个
瓷砖,6907219000,0|0|铺面砖|800*800|0.003|无品牌|深灰色,平方米
铁艺屏风,8306299000,0|0|碳钢管|屏风|未镀贵金属|非铃、钟、锣|无品牌|方管4*4 3*3,千克
铸铝门,7610100000,0|0|铝|门|铰链|,千克
玻璃酒瓶,7010902000,0|0|用于装饰的空酒瓶|750ml||,千克
回转火锅传送设备,8428391000,0|0|用于传输食材的传送设备|带式|无|宽度600型,台
不锈钢桌面,9403200000,0|0|餐厅使用等位桌|不锈钢|无|810宽型,件
PU石皮大板,3920999090,0|0|墙面装饰|深空黑色大板|PU材质|1*3米|无品牌|1*3*8mm,千克
餐盘,3924100000,0|0|用于盛装食材|密胺|无|,个
铝合金提箱,4202190000,0|0|烤盘提箱|铝合金|无|330mm型|,个
冷冻肉切片机,8438500000,0|0|对冷冻肉类产品进行切片|NFC-350YD|,台
餐桌,9403200000,0|0|餐厅用于盛放餐具用品的桌子，由桌框桌架桌桶构成|不锈钢|无|Z67B|,件
汤锅,7323990000,0|0|餐桌用|不锈钢|未搪瓷|无,千克
新型无烟火锅,8516609000,0|0|用于加热食物|通过电磁感应原理对食品进行加热，但采用了新技术无烟，设备自行可销烟|无|无|,台
不锈钢桶,7310100090,0|0|盛装熬制的高汤使用|不锈钢|桶|300L|无,个
减速电机,8501510090,0|0|750kw|否|无|无|,台
酒架,7326909000,0|0|非工业用|不锈钢30*30方管|不锈钢拼接而成，使用钢化玻璃承接|,件
LED模组,8531200000,0|0|用于餐厅装饰的LED幕布墙|采用发光二极管技术通过PN结施加相应电压从而发光|无|5260*2540MM,个
不锈钢门,7308300000,0|0|用于包厢的门，用于阻挡外部环境|不锈钢|门|,套
屏风,9403200000,0|0|用于装饰的铁质屏风架|铁|无|16063*2080MM|,件
吊灯,9405110000,0|0|电动照明，用于室内照明使用灯具|无品牌||,个
大理石材,6802911000,0|0|用于切割的台面板|大理石|切锯打磨|2800*1067MM|鱼肚黑,件
釉面砖,6907219000,0|0|贴面砖|135*333|0.2%|无|白色,平方米
玻璃护栏,7610900000,0|0|铝、玻璃|铝制支撑玻璃护栏|栓接|,件
LED吊灯,9405110000,0|0|用于餐厅装饰照明使用灯具|无||,个
不锈钢屏风,9403200000,0|0|用于装饰的铁质屏风架含玻璃|不锈钢、玻璃|无|3970*1020MM|,平方米
壁炉,9405429000,0|0|内置LED发光装置及雾化器，模拟火焰效果，无加热功能，用于室内照明|无品牌||,个
工作服,6103320000,0|0|钩编|上衣|男式|100%纯棉|是|无|无|XL,件
地弹簧门,7308300000,0|0|用于餐厅门|不锈钢、玻璃|门|,
LED显示屏,8531200000,0|0|用于餐厅装饰的LED幕布墙|采用发光二极管技术通过PN结施加相应电压从而发光|无|5260*2540MM,个
人造石英石板材,9403892000,0|0|配套金属结构自助餐台使用|人造石英石|无品牌|1600*3200|,平方米
自助餐台,8419810000,0|0|金属框架配石质台面，配有不锈钢餐槽及保温系统|无品牌|无型号|,台
金属蜂窝板,7326909000,0|0|非工业用|外层不锈钢板，内层铝蜂窝芯|切割成型并封边|,
玻璃马赛克,7016100000,0|0|室内外墙面及地面装饰|原片经切割后模具制作|马赛克砖|,
仿真植物花墙,6702100000,0|0|塑料+织物，固定于网架上，用于餐厅室内墙面装饰||,
不锈钢火锅,7323930000,0|0|餐桌使用|不锈钢|非搪瓷加工|,
椅子,9401719000,0|0|用于餐厅及酒吧等室内座位|人造皮革软垫|金属框架|有装软垫|无品牌,
汤桶,7323930000,0|0|厨房后厨使用器具|不锈钢|非搪瓷加工|,
地膜,3920999090,0|0|PVC|有色卷材薄膜|不与其他材料合制|装修施工时地板保护使用|卷材长50米|无品牌|,
锅具,7323930000,0|0|餐桌用|不锈钢|未搪瓷|无品牌|,
切菜机,8438600000,0|0|用于厨房切割蔬菜|无品牌|无型号|,
搅拌机,8509409000,0|0|是家用|83千克|2200W|平底款200公斤盖|,
五金桌脚,9403990000,0|0|用于支撑桌子安装用|不锈钢材质|十字|,
不锈钢操作台,9403200000,0|0|用于餐饮厨房后厨操作台面|不锈钢|无品牌|1250*350*600|,
亚克力板,3920510000,0|0|用于隔断制作|透明|PMMA|无品牌|2440*1220*10mm,
隔断,9403200000,0|0|用于餐厅包厢门及空间隔断装饰|不锈钢主题搭配金属装饰条|无品牌|1681*2674mm|,
置物架,9403200000,0|0|用于厨房、餐饮后厨及储物间放置物品|不锈钢|无品牌|1213*1800mm|,
焊机,8515390000,0|0|电弧焊接原理（氩弧焊TIG方式）|否，手动操作|无品牌|TIG200SE|,
燃气煮面炉连柜座,8419810000,0|0|用于餐饮厨房煮制面条、食品加热及保温|无品牌|无型号|,
人造石英石台面,9403892000,0|0|加工为供餐厅使用的台面|无品牌|无型号|,
玻璃瓶,7010902000,0|0|用于装饰的空酒瓶|750ml||,千克
人造石英石制品,9403892000,0|0|配套金属结构自助餐台使用|人造石英石|无品牌|1600*3200|,平方米
餐边柜,9403200000,0|0|用于餐厅储物、摆放餐具及装饰|铁艺（金属结构）|无品牌|1720*580*1220mm|,
烧烤网,7323990000,0|0|餐厅使用，用于烧烤食品的支撑与加热|铁（镀锌铁丝）|未搪瓷|无品牌|,
椅子,9401719000,0|0|用于餐厅及酒吧等室内座位|人造皮革软垫|金属框架|有装软垫|无品牌,
陶瓷盘,6911101900,0|0|瓷制|餐具|否|无品牌|,
机柜,940320000,0|0|用于包厢及餐厅场所储物设备|不锈钢+金属装饰条+岩板|无品牌|600*450*900|,
玻璃碗,7013370000,0|0|供餐桌使用，用于盛放食品|否|碗|不适用|直径150mm，高60mm|无型号|无品牌|机械成型|,
竹蒸笼,4602110000,0|0|竹制品|竹制蒸笼，由天然竹条手工编制而成||,
餐具,7323930000,0|0|餐桌使用的不锈钢搁盘|不锈钢|未搪瓷|无品牌|,
不锈钢餐具,7323930000,0|0|餐桌使用的不锈钢刀、叉等器具|不锈钢|未搪瓷|无品牌|,
陶瓷炖盅,6911101900,0|0|瓷制|厨房用具（用于炖煮食材）|否|无品牌|,
密胺餐具,3924100000,0|0|用于盛装食材的容器|密胺|无品牌|无型号|,
灯带,9405429000,0|0|LED 灯带，DC/AC 驱动，可弯曲安装，用于室内装饰照明|无品牌||,
不锈钢护栏,7308900000,0|0|用于建筑及室内空间的隔离、防护及支撑用途|不锈钢|金属结构件（护栏/栏杆）|,
窗帘,6303920000,0|0|窗帘，珠链拉伸|机织|100%聚酯纤维|,
长方盘,3924100000,0|0|餐桌用/盛放食物用|密胺树脂|无品牌|无型号|,
小型饭团机,8438800000,0|0|米饭饭团成型成卷的食品加工|无品牌|MY-X2|,
灯具,9405110000,0|0|电动照明，用于室内照明使用灯具|无品牌||,
满天星吊灯,9405110000,0|0|用于餐厅装饰照明使用灯具||,个
陶瓷餐具,6912001000,0|0|陶制|餐具|无品牌|,
音响设备,8518500000,0|0|低音单元、高音单元、分频器、箱体、接线柱|无品牌|无型号|,
桌架,9403990000,0|0|餐桌支撑底座，用于连接并支撑桌面|铁制|筒状结构，⌀1100mm|,
上压肉杆,8438900000,0|0|用于切肉机压紧并固定冻肉，辅助切片机完成肉卷切削|304不锈钢|无规格|,
下压肉杆,8438900000,0|0|用于切肉机压紧并固定冻肉，辅助切片机完成肉卷切削|304不锈钢|无规格|,
